id;ingresos;gastos_financieros;default
1;1141;0;0
2;1722;356;1
3;2107;145;0
4;1379;607;0
5;1407;215;1
6;1015;59;0
7;1182;0;0
8;2856;788;0
9;1214;273;0
10;826;94;1
11;1071;211;0
12;991;0;0
13;1904;280;0
14;1354;63;1
15;1106;47;0
16;994;0;1
17;1099;244;0
18;1195;1262;0
19;1127;438;1
20;1078;224;0
21;973;0;0
22;1309;0;0
23;1029;0;0
24;1225;0;1
25;2753;1498;0
26;1099;0;1
27;931;0;0
28;1428;33;0
29;1645;0;0
30;1481;111;0
31;2016;2166;1
32;2058;704;0
33;1344;0;0
34;1001;213;1
35;1127;33;0
36;1057;0;0
37;2233;892;1
38;1155;205;0
39;910;0;0
40;1435;0;0
41;1049;0;0
42;1267;64;0
43;1057;140;0
44;1421;441;0
45;959;90;0
46;1099;181;0
47;928;0;0
48;1106;14;0
49;985;0;0
50;1400;228;0
51;1119;164;0
52;973;76;1
53;1155;607;0
54;1818;559;1
55;1281;99;0
56;800;86;0
57;1837;565;0
58;959;30;0
59;1290;584;0
60;1155;0;0
61;1190;0;0
62;1841;359;0
63;1078;107;0
64;1022;245;0
65;1127;0;0
66;1232;326;0
67;1225;216;0
68;1197;0;0
69;2177;520;0
70;2296;2245;0
71;1519;0;0
72;1344;568;1
73;1074;146;0
74;1225;294;1
75;1449;0;1
76;987;0;1
77;1125;156;0
78;1169;0;0
79;1169;0;0
80;1227;56;0
81;1701;108;0
82;1323;448;0
83;1736;359;0
84;1022;61;0
85;1589;848;1
86;1365;107;0
87;1080;241;0
88;1064;25;1
89;1204;94;0
90;1169;612;0
91;2009;124;1
92;1068;125;0
93;940;436;1
94;1855;1416;0
95;1771;459;0
96;1078;562;0
97;1211;0;1
98;1214;0;0
99;1099;350;0
100;994;0;0
101;2086;166;0
102;1344;0;0
103;1428;0;1
104;1061;0;0
105;980;134;0
106;1316;1041;0
107;1407;404;1
108;1253;482;0
109;1365;376;0
110;1659;475;1
111;928;0;0
112;1001;0;0
113;1411;333;1
114;1750;1086;0
115;2016;709;1
116;1708;323;0
117;973;0;1
118;1087;0;0
119;998;212;0
120;1029;0;0
121;1190;75;0
122;915;0;0
123;1302;162;0
124;1360;92;1
125;1341;26;0
126;1085;0;1
127;1468;97;1
128;1757;1199;0
129;1239;0;1
130;1841;438;0
131;1204;140;1
132;1099;637;0
133;1204;120;1
134;1127;161;1
135;2327;1351;1
136;1386;307;0
137;1087;0;0
138;1162;0;0
139;1717;593;1
140;1023;105;0
141;2772;1166;0
142;1827;547;0
143;1610;0;0
144;1848;663;0
145;1477;249;0
146;839;33;0
147;1080;441;0
148;1162;185;0
149;2104;348;0
150;1337;434;0
151;1220;142;0
152;1214;409;0
153;1659;296;0
154;1022;0;1
155;1087;359;0
156;1071;253;1
157;1477;221;0
158;2100;343;0
159;959;0;0
160;1659;505;0
161;1119;110;1
162;973;177;0
163;864;0;0
164;1176;0;0
165;1057;165;0
166;1328;209;0
167;1551;0;1
168;1281;69;0
169;1462;0;0
170;1722;0;0
171;1225;28;0
172;1281;186;0
173;1131;74;0
174;1225;0;0
175;1169;84;0
176;1015;218;0
177;1624;221;0
178;1386;205;0
179;1295;92;0
180;1407;30;0
181;1827;128;0
182;1666;353;1
183;1106;28;0
184;1484;0;0
185;1260;682;0
186;1841;588;1
187;1144;591;0
188;1918;974;1
189;1148;0;0
190;1220;843;1
191;1134;0;0
192;1042;0;0
193;1631;522;0
194;1141;200;1
195;1341;467;0
196;1239;338;1
197;1169;305;0
198;1015;0;0
199;1148;0;0
200;2016;1446;0
201;1913;1329;0
202;2058;650;0
203;980;0;1
204;928;0;0
205;1379;88;0
206;889;104;0
207;1144;81;0
208;1264;628;0
209;877;132;0
210;1120;0;0
211;1043;38;0
212;1148;119;0
213;1351;246;0
214;1316;190;0
215;1162;490;0
216;938;137;0
217;1190;0;0
218;1386;75;0
219;1195;301;0
220;1183;66;0
221;1127;186;0
222;1233;85;0
223;1323;0;0
224;1484;46;0
225;1138;0;0
226;1337;372;1
227;973;28;0
228;1106;100;0
229;1211;135;0
230;1197;344;0
231;1036;0;0
232;1204;225;0
233;1554;142;1
234;1099;211;0
235;1617;501;1
236;1106;90;0
237;1526;695;0
238;945;486;0
239;1010;176;1
240;1647;348;0
241;1050;58;0
242;1214;324;0
243;1015;319;1
244;1232;0;0
245;1297;360;0
246;1687;0;0
247;1071;0;0
248;966;161;0
249;845;597;0
250;1316;286;1
251;1183;799;0
252;1055;0;0
253;1456;646;0
254;1148;379;0
255;1484;228;0
256;1050;0;1
257;1148;356;1
258;1290;93;0
259;1036;34;0
260;973;0;1
261;1017;307;0
262;1239;625;0
263;1190;293;0
264;1043;0;0
265;1064;0;0
266;1055;288;0
267;1295;0;0
268;1087;135;0
269;1309;0;1
270;1316;94;0
271;1190;9;0
272;1071;0;1
273;1150;76;1
274;1127;96;0
275;1087;502;0
276;1036;56;0
277;883;0;1
278;1218;0;0
279;1071;290;0
280;1127;0;1
281;1057;171;0
282;1302;89;1
283;973;0;0
284;1225;0;0
285;2690;1931;1
286;1176;0;0
287;1190;0;0
288;1057;152;0
289;1010;179;0
290;2590;430;0
291;1239;119;0
292;1404;0;0
293;1023;229;0
294;3010;391;0
295;1029;241;0
296;1078;209;0
297;1176;178;1
298;1197;70;0
299;1323;0;0
300;1512;0;0
301;1258;460;0
302;1328;84;0
303;980;268;0
304;1603;3580;0
305;973;198;0
306;1806;686;0
307;1260;251;0
308;1337;285;1
309;1715;587;0
310;973;0;0
311;1125;23;0
312;1162;122;0
313;1183;0;0
314;1519;0;0
315;1120;123;1
316;1274;0;1
317;2065;700;0
318;1036;0;0
319;1418;443;0
320;3591;2588;1
321;1722;803;0
322;1239;0;0
323;1085;0;0
324;2065;57;0
325;1169;22;0
326;1004;188;0
327;1253;272;1
328;1302;0;0
329;1372;140;0
330;2541;386;0
331;1470;396;1
332;1085;0;0
333;1365;144;0
334;1232;30;1
335;1672;656;0
336;1484;119;0
337;1087;242;0
338;1078;0;0
339;1087;238;0
340;1561;0;0
341;973;30;0
342;1029;0;1
343;959;0;0
344;1463;213;0
345;1673;327;1
346;1176;278;0
347;1348;934;0
348;1278;0;0
349;1414;102;0
350;1309;140;0
351;1575;0;0
352;1087;157;0
353;1190;0;1
354;1225;61;0
355;1078;76;0
356;1505;0;0
357;1421;260;0
358;1267;192;1
359;991;329;0
360;1491;0;0
361;973;0;0
362;1169;95;0
363;1799;886;0
364;1827;497;0
365;1621;106;1
366;1239;58;0
367;991;201;0
368;1372;0;1
369;1087;811;0
370;1204;171;0
371;1127;83;0
372;1288;160;0
373;1204;184;0
374;1182;354;0
375;1295;0;1
376;1169;0;1
377;1190;437;0
378;1337;108;0
379;1220;247;0
380;1253;63;0
381;1022;168;0
382;980;0;0
383;1570;176;1
384;3122;1386;0
385;987;0;0
386;1288;279;0
387;3808;1283;0
388;1697;709;0
389;1068;186;0
390;1050;103;0
391;1057;105;1
392;1197;0;1
393;1127;0;0
394;1169;471;0
395;915;614;0
396;2758;53;0
397;1701;0;0
398;1204;0;1
399;1197;0;0
400;1150;215;1
401;1204;48;0
402;1134;123;1
403;1841;282;0
404;1197;466;0
405;1232;118;0
406;1659;484;0
407;896;0;0
408;1596;65;0
409;1344;191;0
410;1435;121;1
411;1990;278;0
412;1246;0;0
413;947;16;1
414;1456;575;0
415;1183;661;1
416;2891;518;0
417;1743;434;1
418;1684;876;0
419;2233;657;0
420;1827;624;0
421;1533;334;0
422;1183;0;0
423;1722;0;0
424;1225;77;1
425;1042;181;0
426;1253;0;0
427;1393;312;0
428;1785;213;0
429;1022;368;0
430;1981;746;0
431;1061;119;0
432;1239;0;0
433;1337;316;0
434;1099;0;1
435;1260;0;0
436;1055;206;0
437;1400;88;0
438;1414;468;0
439;994;267;0
440;1125;0;0
441;1462;331;0
442;1169;207;0
443;1099;34;0
444;1022;0;0
445;1561;90;1
446;1526;518;0
447;1071;0;0
448;1176;64;0
449;1080;592;0
450;1477;1173;0
451;1061;60;0
452;1232;936;0
453;940;0;1
454;1316;314;1
455;1068;0;1
456;1295;1156;1
457;1379;0;0
458;1029;140;1
459;1225;30;0
460;1148;34;1
461;1786;464;0
462;1119;667;0
463;1204;1;0
464;973;0;0
465;1183;46;0
466;1134;250;0
467;1106;49;0
468;1290;123;1
469;1131;231;0
470;861;323;0
471;1015;0;0
472;1435;0;0
473;2289;1407;0
474;1505;386;0
475;1722;471;1
476;947;118;1
477;1085;0;0
478;1540;823;0
479;1190;410;0
480;1421;379;1
481;1057;0;0
482;1414;102;0
483;1414;49;1
484;1407;321;0
485;1602;340;0
486;1106;401;0
487;1449;0;1
488;1295;49;0
489;1131;456;1
490;1169;277;0
491;1638;640;1
492;1659;0;1
493;1155;0;0
494;1099;418;0
495;2443;1675;1
496;1498;703;0
497;991;106;1
498;1348;149;0
499;1582;134;0
500;1085;86;0
501;973;0;0
502;924;49;0
503;1246;0;1
504;973;34;0
505;1068;304;0
506;1672;548;1
507;1701;625;0
508;1563;737;0
509;1119;252;0
510;1708;725;0
511;1071;264;1
512;910;34;0
513;1421;306;0
514;1253;285;0
515;973;0;0
516;1085;34;0
517;1337;89;0
518;1148;65;1
519;1302;549;0
520;3402;3072;0
521;1227;205;0
522;1093;0;0
523;1195;241;1
524;1225;0;0
525;1092;192;0
526;2625;1691;0
527;1204;120;0
528;1001;0;0
529;1036;147;0
530;1267;0;0
531;1148;151;0
532;1190;0;0
533;1856;731;0
534;959;87;1
535;1414;238;0
536;1888;841;0
537;1190;75;0
538;1894;0;0
539;1246;137;0
540;1484;119;0
541;1120;0;0
542;1176;167;1
543;1297;110;0
544;1043;0;0
545;1365;189;1
546;1085;0;1
547;1309;0;0
548;1208;100;0
549;953;0;0
550;4731;702;0
551;1183;54;1
552;1736;593;0
553;1260;207;0
554;1278;320;0
555;998;0;0
556;1208;0;0
557;1232;129;0
558;1043;0;0
559;2317;857;0
560;1036;0;1
561;896;2;1
562;1360;880;0
563;1232;134;0
564;1360;153;0
565;1274;208;0
566;1260;0;0
567;1708;575;0
568;1519;0;1
569;1119;0;0
570;1092;110;0
571;1456;439;0
572;1372;62;0
573;1239;107;0
574;1260;199;0
575;1813;1099;0
576;1008;109;0
577;903;53;0
578;1358;239;1
579;1421;263;0
580;1323;842;0
581;1176;136;0
582;1162;224;1
583;1351;58;0
584;1078;165;0
585;979;374;0
586;1260;0;1
587;1232;208;0
588;994;0;0
589;1071;0;0
590;1092;0;0
591;952;0;0
592;1484;161;0
593;1757;2035;1
594;1379;81;0
595;1134;96;0
596;1071;0;0
597;1246;374;1
598;1099;228;0
599;1010;0;1
600;1463;122;0
601;1015;304;1
602;921;125;1
603;1274;0;0
604;1183;0;1
605;1603;532;0
606;870;125;0
607;1233;129;0
608;2632;929;0
609;1337;88;0
610;1125;98;0
611;1239;0;0
612;1078;133;0
613;2123;1583;1
614;1512;354;1
615;1258;0;0
616;1295;1252;0
617;1442;403;1
618;1071;0;0
619;1547;817;0
620;1218;0;1
621;980;0;0
622;1008;61;0
623;2450;1469;1
624;1372;136;0
625;1239;0;1
626;1393;361;0
627;952;0;1
628;1001;188;0
629;1264;19;0
630;1351;571;1
631;1119;166;0
632;1141;33;0
633;1392;0;0
634;1232;150;0
635;1456;591;0
636;1742;947;0
637;1456;368;0
638;1264;232;0
639;1827;78;0
640;2177;1076;1
641;1330;0;1
642;1715;871;0
643;1246;0;0
644;1163;222;1
645;1190;175;1
646;1169;0;0
647;1806;0;0
648;1372;0;0
649;1017;0;0
650;1036;0;1
651;1068;0;0
652;1498;215;0
653;1134;0;0
654;1106;88;1
655;1218;235;1
656;889;0;0
657;973;181;0
658;1169;241;0
659;1252;646;0
660;1290;555;0
661;1443;350;1
662;1505;482;1
663;1099;318;1
664;1120;374;1
665;883;0;0
666;973;319;0
667;1570;890;0
668;1603;573;0
669;1050;243;0
670;991;0;0
671;1253;26;1
672;1214;319;1
673;921;418;0
674;1551;427;0
675;1106;344;0
676;1106;0;0
677;1120;0;0
678;1841;499;1
679;1532;381;0
680;1330;334;0
681;1323;588;0
682;1407;436;0
683;1078;0;1
684;1141;0;0
685;1297;93;0
686;1017;228;0
687;1281;113;0
688;1119;65;0
689;1323;303;0
690;1757;349;0
691;1092;451;0
692;1218;78;0
693;1284;195;0
694;1583;350;0
695;1078;0;0
696;1148;0;0
697;1631;712;0
698;1297;169;0
699;1190;208;0
700;1302;214;1
701;1071;0;0
702;1074;78;1
703;1437;274;0
704;1379;144;0
705;959;0;0
706;1078;0;1
707;1792;751;0
708;812;135;1
709;1029;112;0
710;1120;0;0
711;1071;0;0
712;1481;1073;0
713;1071;252;0
714;1246;608;0
715;966;0;0
716;1141;0;0
717;1155;0;1
718;1043;29;1
719;1264;491;0
720;1365;33;0
721;979;249;0
722;1085;166;0
723;1085;258;0
724;2174;0;0
725;924;0;0
726;1001;460;0
727;959;83;0
728;1061;104;0
729;1246;210;0
730;1400;34;0
731;3017;759;0
732;1470;55;0
733;1225;114;0
734;1068;260;0
735;1358;220;1
736;1085;34;1
737;1252;406;0
738;1071;0;0
739;980;156;0
740;1131;487;0
741;1330;242;0
742;1131;608;0
743;1260;155;0
744;1119;0;0
745;2384;125;1
746;980;0;0
747;1017;0;0
748;1155;0;0
749;945;0;0
750;953;0;0
751;1071;0;1
752;6482;2230;0
753;979;0;0
754;1267;918;0
755;1131;150;0
756;1449;80;1
757;1708;34;0
758;1057;0;0
759;1162;233;0
760;1421;323;0
761;1330;10;0
762;3999;357;0
763;991;42;0
764;1150;215;1
765;1435;146;0
766;1470;163;0
767;1071;0;1
768;2422;1004;0
769;1239;443;0
770;1176;0;0
771;1424;0;0
772;1125;0;0
773;1113;0;0
774;1337;344;0
775;1183;0;1
776;1246;525;0
777;2002;214;0
778;1043;270;0
779;1071;429;0
780;1197;230;0
781;1344;278;0
782;973;63;1
783;1316;0;1
784;1379;0;1
785;959;353;0
786;980;18;1
787;1309;205;1
788;1344;0;1
789;1064;0;0
790;1246;93;0
791;1085;0;0
792;1134;112;0
793;947;0;1
794;947;0;0
795;2800;209;0
796;1281;221;0
797;1106;0;1
798;1078;0;0
799;1050;280;0
800;980;0;1
801;909;157;1
802;1856;99;0
803;1042;238;0
804;1267;1112;0
805;940;0;1
806;1680;755;1
807;2478;0;0
808;1211;43;0
809;1428;123;0
810;1487;783;0
811;1141;86;1
812;1386;175;0
813;1666;725;1
814;1155;0;0
815;1358;454;0
816;1064;240;0
817;980;34;1
818;1208;486;1
819;1112;124;0
820;1883;359;1
821;1393;298;0
822;985;234;0
823;1563;968;0
824;1672;355;0
825;1232;123;0
826;1071;0;0
827;1519;388;0
828;934;0;1
829;1678;152;0
830;1348;261;0
831;1204;137;1
832;1953;69;0
833;1260;0;0
834;1494;234;1
835;1157;263;0
836;1204;0;0
837;1785;881;0
838;945;0;0
839;1197;497;1
840;1071;73;0
841;1055;161;1
842;1197;98;0
843;915;0;0
844;1071;0;0
845;1373;417;1
846;1064;236;0
847;1182;435;0
848;1379;664;0
849;1288;0;0
850;1463;136;1
851;2100;713;1
852;1182;431;0
853;1491;21;0
854;1309;225;0
855;1190;27;1
856;1386;93;0
857;2492;1073;0
858;1365;220;0
859;1232;244;0
860;1113;0;1
861;1284;163;0
862;1092;0;0
863;931;107;1
864;1085;195;0
865;915;288;1
866;1701;1044;0
867;2212;1216;1
868;1505;0;0
869;1582;256;1
870;1337;104;0
871;2135;142;0
872;1533;490;0
873;1239;98;0
874;1278;252;0
875;1468;90;1
876;1239;668;0
877;1554;0;1
878;1092;136;0
879;1131;309;1
880;1715;753;0
881;3478;4562;0
882;1162;362;0
883;1386;129;0
884;1316;0;0
885;1195;79;0
886;1022;523;0
887;1008;0;0
888;1227;189;1
889;1246;86;0
890;1659;187;0
891;1157;119;1
892;1708;191;0
893;1071;0;1
894;1141;0;0
895;1267;0;0
896;2044;308;0
897;1841;0;1
898;1913;136;0
899;2744;1160;0
900;2359;1887;0
901;1729;0;0
902;1379;150;0
903;1176;200;0
904;1468;340;0
905;1211;0;0
906;1141;269;0
907;1134;117;0
908;1498;0;0
909;1141;332;0
910;1841;792;0
911;1996;438;0
912;1197;169;0
913;2058;556;0
914;966;0;0
915;1078;246;0
916;1430;268;0
917;1071;0;1
918;1421;122;1
919;2346;420;0
920;1204;139;0
921;1176;150;0
922;966;34;0
923;1260;89;1
924;915;34;1
925;924;33;1
926;1080;201;0
927;1106;354;0
928;1227;0;0
929;1848;500;0
930;1470;0;0
931;1253;0;0
932;1404;142;0
933;1204;70;0
934;826;200;0
935;1227;0;1
936;1904;1188;1
937;1295;121;1
938;1365;210;0
939;973;0;1
940;1379;137;0
941;928;0;0
942;1484;209;0
943;1302;267;1
944;1064;0;1
945;952;0;0
946;1393;384;0
947;1227;40;0
948;1176;182;1
949;1188;0;0
950;1022;0;0
951;1848;808;0
952;1080;343;1
953;1596;519;0
954;1463;69;0
955;1778;947;1
956;959;230;0
957;1071;380;0
958;1554;701;0
959;2016;307;0
960;1201;254;0
961;1085;282;0
962;1862;0;1
963;2450;0;1
964;1057;0;0
965;1232;317;0
966;1274;497;0
967;1071;33;1
968;1519;0;0
969;1302;265;0
970;1303;147;0
971;1113;0;0
972;1463;421;0
973;1463;224;0
974;952;174;1
975;1400;376;1
976;3934;350;1
977;1267;432;0
978;1125;222;0
979;1004;0;1
980;994;0;0
981;1392;678;0
982;1631;635;0
983;1246;232;0
984;1214;236;0
985;1484;273;0
986;1449;87;0
987;1736;869;0
988;1484;125;1
989;1463;187;1
990;1258;481;0
991;1022;0;0
992;1252;70;0
993;1176;64;1
994;1022;34;0
995;1150;229;0
996;1463;372;0
997;1421;0;0
998;1050;108;0
999;938;151;0
1000;1169;0;0
1001;1085;0;0
1002;1372;172;0
1003;1288;324;0
1004;1176;207;0
1005;1540;307;0
1006;1078;127;0
1007;1360;311;0
1008;1057;51;0
1009;991;207;0
1010;1239;139;0
1011;1322;1223;1
1012;1344;74;1
1013;1977;1047;0
1014;991;258;0
1015;1456;133;0
1016;1211;0;0
1017;1281;95;0
1018;1672;529;0
1019;1260;213;1
1020;1701;612;0
1021;1341;186;0
1022;1596;4;0
1023;1297;0;0
1024;1029;143;0
1025;2254;0;1
1026;1958;34;0
1027;1372;256;0
1028;1554;132;0
1029;2086;0;1
1030;1932;185;0
1031;1428;120;1
1032;1113;0;0
1033;1757;709;0
1034;1316;0;0
1035;1197;73;0
1036;1386;577;0
1037;1392;254;1
1038;2606;568;0
1039;1190;0;1
1040;1190;32;0
1041;1162;196;0
1042;1953;113;1
1043;1701;515;0
1044;1302;84;0
1045;2651;227;1
1046;2548;1314;1
1047;882;110;0
1048;1099;279;1
1049;1050;303;0
1050;1127;1184;0
1051;2023;9;0
1052;1043;0;0
1053;1659;45;1
1054;1087;0;1
1055;959;0;1
1056;1351;1176;0
1057;1141;71;0
1058;1125;88;0
1059;1512;432;0
1060;953;0;1
1061;1092;437;0
1062;1204;0;1
1063;1162;149;0
1064;1328;113;0
1065;1477;295;1
1066;2009;166;0
1067;947;88;0
1068;1533;515;0
1069;1225;194;0
1070;1112;0;0
1071;1372;380;0
1072;1183;279;1
1073;1022;159;0
1074;1799;905;0
1075;1227;189;1
1076;1225;0;1
1077;2282;200;0
1078;1029;0;0
1079;1393;88;0
1080;966;29;0
1081;1113;0;0
1082;1672;455;1
1083;1218;96;1
1084;1330;133;1
1085;1659;845;0
1086;1050;0;0
1087;952;0;0
1088;1360;206;1
1089;1372;115;0
1090;2575;2257;0
1091;903;0;0
1092;1990;962;0
1093;991;46;0
1094;1169;73;0
1095;1057;0;0
1096;1722;784;1
1097;1071;69;0
1098;987;233;0
1099;1138;129;1
1100;1080;293;0
1101;1092;284;1
1102;979;0;0
1103;1337;235;0
1104;1939;142;0
1105;1204;96;1
1106;1064;34;0
1107;1330;84;0
1108;1125;249;0
1109;1274;202;0
1110;1127;288;0
1111;1348;735;0
1112;1589;466;0
1113;868;156;0
1114;826;0;0
1115;1554;330;1
1116;1176;112;0
1117;1155;177;0
1118;931;0;1
1119;1227;643;0
1120;1372;483;0
1121;1085;107;0
1122;1120;141;0
1123;1190;528;0
1124;1561;443;0
1125;1610;146;0
1126;1074;599;0
1127;1323;0;1
1128;1183;153;1
1129;1055;64;0
1130;917;0;0
1131;952;0;0
1132;1897;948;0
1133;1330;154;0
1134;1309;257;1
1135;985;0;0
1136;1330;404;1
1137;1351;383;0
1138;1162;102;1
1139;1337;213;0
1140;1288;89;0
1141;1841;357;1
1142;1068;168;0
1143;1163;64;0
1144;1176;9;1
1145;1218;31;0
1146;1742;1418;0
1147;1218;233;0
1148;1443;785;0
1149;1330;28;0
1150;966;87;0
1151;1120;609;0
1152;1477;364;0
1153;1708;350;0
1154;791;190;0
1155;1080;114;0
1156;1519;0;0
1157;1071;0;0
1158;1099;49;0
1159;966;0;0
1160;1767;839;0
1161;1071;0;1
1162;952;36;0
1163;953;0;0
1164;1157;95;0
1165;1736;75;1
1166;1068;0;0
1167;1295;216;1
1168;1036;42;1
1169;1120;216;0
1170;1316;29;0
1171;1323;386;0
1172;952;34;1
1173;1071;308;0
1174;1078;35;0
1175;1182;0;0
1176;1113;0;1
1177;3668;1650;1
1178;1087;82;1
1179;2800;841;0
1180;1057;201;0
1181;931;0;0
1182;1519;563;0
1183;1155;142;0
1184;1036;102;1
1185;1761;971;1
1186;1087;100;0
1187;2142;745;0
1188;903;0;1
1189;1169;108;0
1190;959;0;0
1191;1582;620;0
1192;1112;414;0
1193;1225;402;0
1194;1008;0;0
1195;991;54;0
1196;1188;65;1
1197;1442;0;0
1198;883;0;0
1199;1106;223;0
1200;1085;0;0
1201;1023;0;1
1202;1106;561;1
1203;1085;105;0
1204;1022;104;1
1205;1112;214;0
1206;1379;614;0
1207;1050;0;0
1208;1141;171;0
1209;864;0;0
1210;1981;488;0
1211;1157;132;1
1212;1010;448;0
1213;1330;655;0
1214;1042;74;1
1215;1080;109;1
1216;980;177;0
1217;1197;314;0
1218;1379;554;0
1219;1344;303;0
1220;1225;0;1
1221;921;123;0
1222;1316;0;0
1223;1190;58;0
1224;1477;265;0
1225;1087;104;0
1226;1913;97;0
1227;1188;206;0
1228;1113;0;1
1229;1561;332;0
1230;1225;296;0
1231;1087;233;0
1232;800;309;0
1233;839;356;0
1234;2156;465;1
1235;1442;342;0
1236;921;50;1
1237;2187;934;0
1238;1260;21;0
1239;1302;316;0
1240;1239;165;0
1241;1393;113;1
1242;1015;0;0
1243;1078;29;0
1244;1271;493;0
1245;1176;444;0
1246;1652;710;0
1247;1138;0;0
1248;1302;654;1
1249;1281;271;0
1250;1120;435;0
1251;1148;0;0
1252;1477;274;0
1253;1672;1002;0
1254;1253;28;0
1255;1323;220;0
1256;1995;337;1
1257;1330;809;0
1258;903;0;0
1259;1316;134;0
1260;1358;111;1
1261;1288;128;0
1262;1087;39;1
1263;1344;764;0
1264;1484;102;0
1265;1414;911;0
1266;947;0;0
1267;1264;322;0
1268;2079;317;0
1269;1183;353;1
1270;1414;314;1
1271;2034;213;0
1272;1023;213;0
1273;2785;955;0
1274;928;0;0
1275;1064;95;1
1276;1404;718;1
1277;1512;276;1
1278;1672;466;0
1279;1407;103;0
1280;1071;0;0
1281;1176;0;0
1282;1176;0;0
1283;1023;227;0
1284;1197;341;0
1285;1284;0;1
1286;1141;179;0
1287;1155;146;0
1288;979;248;0
1289;2066;926;0
1290;966;273;0
1291;1050;0;0
1292;1201;64;1
1293;2174;0;0
1294;1500;906;0
1295;1119;0;0
1296;959;0;1
1297;1015;0;0
1298;1071;0;0
1299;1112;93;0
1300;3010;1115;0
1301;1407;770;0
1302;1233;113;0
1303;1624;109;0
1304;987;58;1
1305;1302;214;1
1306;987;15;1
1307;1099;0;0
1308;928;0;0
1309;1967;1225;0
1310;1050;828;0
1311;1010;0;0
1312;1085;0;0
1313;980;0;1
1314;1195;217;1
1315;1309;258;0
1316;1148;9;0
1317;1099;0;0
1318;1125;49;0
1319;1239;76;0
1320;1055;118;0
1321;1029;0;0
1322;1252;141;0
1323;1004;129;0
1324;1288;0;0
1325;1092;0;1
1326;973;64;0
1327;2681;810;1
1328;1481;187;0
1329;1354;96;0
1330;1150;0;1
1331;1120;157;0
1332;2023;176;0
1333;1526;958;0
1334;2415;1001;0
1335;1303;194;0
1336;1061;256;0
1337;966;0;1
1338;980;62;0
1339;915;0;0
1340;1316;288;1
1341;1057;40;0
1342;1290;409;0
1343;2251;254;0
1344;1330;499;0
1345;1841;491;0
1346;1176;158;0
1347;1001;161;0
1348;1190;106;0
1349;1162;201;1
1350;870;0;1
1351;1169;311;0
1352;2716;963;0
1353;1134;313;0
1354;1288;28;0
1355;1015;598;1
1356;1372;13;1
1357;1148;143;0
1358;952;62;0
1359;1092;0;0
1360;1393;236;1
1361;1456;648;1
1362;1057;287;1
1363;1379;583;0
1364;1127;0;0
1365;1379;247;0
1366;1218;0;0
1367;991;72;1
1368;1085;77;0
1369;1176;141;0
1370;987;0;0
1371;1068;316;0
1372;1428;103;0
1373;1428;419;0
1374;1303;113;1
1375;1316;238;0
1376;1134;58;0
1377;2660;250;0
1378;1778;943;0
1379;1638;311;0
1380;1071;0;0
1381;1071;0;0
1382;2156;1833;0
1383;1974;0;0
1384;1029;0;1
1385;1404;133;1
1386;1176;201;0
1387;1061;149;0
1388;1211;319;0
1389;1071;92;0
1390;917;0;1
1391;1085;187;0
1392;1022;32;1
1393;1099;105;0
1394;1150;118;1
1395;1561;738;0
1396;1491;362;1
1397;1148;0;0
1398;1939;1290;0
1399;1264;263;0
1400;1064;61;0
1401;1131;0;0
1402;1519;126;0
1403;1680;582;0
1404;2550;1523;0
1405;1750;607;0
1406;1155;32;0
1407;1001;0;0
1408;1414;318;0
1409;1610;798;0
1410;1057;34;0
1411;1894;699;0
1412;2499;656;0
1413;2548;29;0
1414;1334;144;0
1415;1841;539;0
1416;1442;590;0
1417;1162;127;0
1418;909;0;1
1419;1099;74;0
1420;1085;27;0
1421;1323;197;0
1422;1575;0;0
1423;1120;0;0
1424;1281;144;0
1425;3073;823;0
1426;1697;636;0
1427;1659;932;0
1428;1278;0;0
1429;1392;254;1
1430;1197;229;1
1431;1316;495;0
1432;1036;0;1
1433;952;44;0
1434;909;152;0
1435;994;21;1
1436;2653;1642;0
1437;1491;1020;0
1438;1004;0;1
1439;1239;549;0
1440;1190;0;1
1441;1358;0;0
1442;1533;131;0
1443;1029;314;0
1444;1344;275;0
1445;1841;142;0
1446;1373;900;0
1447;1176;509;0
1448;1211;228;1
1449;1519;515;1
1450;1071;181;0
1451;1176;121;0
1452;1087;137;0
1453;1043;0;0
1454;1155;0;0
1455;1348;370;0
1456;1017;0;1
1457;973;0;0
1458;966;86;1
1459;1512;226;0
1460;1176;111;1
1461;1099;99;0
1462;1570;447;0
1463;1022;0;0
1464;2919;2509;0
1465;1106;206;0
1466;2688;731;0
1467;1227;0;0
1468;1120;0;0
1469;966;374;1
1470;1112;0;1
1471;1323;396;0
1472;1106;560;1
1473;1430;0;0
1474;1208;234;0
1475;1260;385;0
1476;1271;319;0
1477;1218;249;0
1478;1015;29;1
1479;1131;204;1
1480;994;0;0
1481;1157;85;1
1482;1507;395;1
1483;1099;232;1
1484;940;0;0
1485;1042;0;0
1486;1288;193;0
1487;1239;0;0
1488;1512;83;0
1489;1150;0;0
1490;1197;9;0
1491;1428;0;1
1492;1463;0;0
1493;1246;249;0
1494;1659;403;0
1495;889;27;0
1496;1071;265;0
1497;1442;126;0
1498;1162;176;0
1499;1120;131;0
1500;1182;215;0
1501;1547;89;1
1502;2136;667;0
1503;1042;0;0
1504;1274;297;0
1505;2098;309;0
1506;1386;341;0
1507;1201;0;0
1508;1653;783;1
1509;1239;220;0
1510;1575;231;0
1511;1074;0;1
1512;1169;174;1
1513;1127;0;1
1514;1358;133;0
1515;1246;517;0
1516;1125;0;0
1517;1155;0;1
1518;1120;164;0
1519;1106;39;0
1520;1176;468;0
1521;1708;437;0
1522;1583;465;0
1523;1302;430;0
1524;1050;75;0
1525;1182;0;1
1526;1260;0;0
1527;1498;358;0
1528;1876;159;0
1529;1127;255;0
1530;1214;471;0
1531;2709;2426;1
1532;1029;0;0
1533;1197;350;0
1534;1274;0;0
1535;883;116;0
1536;2314;225;0
1537;940;349;1
1538;1148;351;1
1539;1281;774;0
1540;1144;228;0
1541;966;124;0
1542;1064;119;0
1543;2696;1603;0
1544;1393;807;0
1545;1113;0;0
1546;1267;436;0
1547;1421;87;0
1548;1358;418;1
1549;1701;754;0
1550;1827;80;1
1551;1087;102;0
1552;1925;343;1
1553;1092;68;0
1554;1008;0;1
1555;1197;131;1
1556;973;517;0
1557;1015;330;1
1558;1701;106;0
1559;1182;216;0
1560;1064;49;0
1561;1211;0;0
1562;1239;0;1
1563;1001;139;0
1564;1029;0;1
1565;1631;269;1
1566;1197;0;0
1567;896;0;0
1568;1190;0;1
1569;1414;382;0
1570;966;0;1
1571;1057;371;0
1572;1253;58;0
1573;2989;461;0
1574;1672;904;1
1575;1911;460;0
1576;1197;0;0
1577;1316;352;0
1578;1246;385;0
1579;1085;0;0
1580;1036;0;1
1581;1017;251;1
1582;1678;1502;0
1583;1281;0;0
1584;1004;963;0
1585;1087;292;0
1586;1365;454;0
1587;1125;243;0
1588;1827;836;0
1589;2051;259;0
1590;1309;65;0
1591;979;168;0
1592;1462;678;0
1593;1131;0;0
1594;1673;231;0
1595;1897;671;1
1596;5670;1802;1
1597;0;0;0
1598;1085;202;1
1599;1176;0;0
1600;1946;1531;0
1601;1463;199;1
1602;1190;85;0
1603;896;171;1
1604;1322;314;0
1605;1120;218;1
1606;1214;997;0
1607;1672;559;1
1608;1078;274;1
1609;1463;0;0
1610;1071;117;0
1611;1491;0;0
1612;1491;47;1
1613;1120;0;0
1614;966;41;0
1615;1162;758;0
1616;864;152;0
1617;1442;122;0
1618;2030;1051;0
1619;1267;129;0
1620;1017;0;1
1621;1322;331;1
1622;1148;243;0
1623;1106;88;0
1624;1295;98;0
1625;1163;85;0
1626;1225;0;1
1627;1074;0;0
1628;903;84;1
1629;889;202;0
1630;1246;335;0
1631;1232;34;0
1632;1042;0;0
1633;1050;162;0
1634;1303;1451;0
1635;1258;375;0
1636;909;0;0
1637;1225;0;0
1638;1155;277;0
1639;1106;257;0
1640;1134;73;1
1641;1204;0;1
1642;1163;200;1
1643;1281;17;1
1644;1064;124;0
1645;1316;56;0
1646;1071;0;1
1647;1337;422;0
1648;1190;155;0
1649;1435;192;0
1650;2576;518;0
1651;1274;377;0
1652;1071;158;0
1653;1023;66;0
1654;858;27;0
1655;1477;61;0
1656;1106;139;0
1657;1127;86;0
1658;1239;74;0
1659;966;51;1
1660;1008;43;0
1661;2891;439;0
1662;1036;123;0
1663;1106;66;1
1664;1029;145;1
1665;2177;832;0
1666;1017;143;0
1667;1551;533;1
1668;877;350;0
1669;1290;335;1
1670;1563;453;0
1671;1386;89;0
1672;1468;81;1
1673;1365;289;0
1674;1015;189;1
1675;1064;0;1
1676;979;314;0
1677;1112;0;0
1678;1570;672;0
1679;1155;0;0
1680;1036;380;0
1681;1398;69;0
1682;1188;680;0
1683;1042;0;0
1684;1001;0;1
1685;1017;123;0
1686;1099;0;1
1687;1239;270;0
1688;1582;0;1
1689;1211;559;0
1690;1939;1786;0
1691;2226;784;0
1692;1197;639;0
1693;1271;60;0
1694;1302;509;1
1695;1538;659;0
1696;1120;77;0
1697;1260;248;0
1698;915;246;0
1699;1393;308;0
1700;1379;283;0
1701;1316;0;0
1702;1577;499;0
1703;1309;1361;0
1704;1351;49;0
1705;1113;0;0
1706;1010;293;0
1707;2492;679;1
1708;1071;0;1
1709;947;228;0
1710;985;44;0
1711;1085;188;1
1712;1373;1024;0
1713;1596;1009;0
1714;1322;100;0
1715;1400;84;0
1716;1183;659;0
1717;1162;593;0
1718;1414;143;0
1719;1284;70;0
1720;1017;0;0
1721;1288;94;0
1722;1017;241;0
1723;1341;992;0
1724;1856;33;0
1725;1407;129;1
1726;1463;330;0
1727;1008;424;0
1728;1551;380;0
1729;931;156;0
1730;1162;51;0
1731;1144;0;0
1732;1239;161;0
1733;1092;0;0
1734;1239;106;1
1735;1188;23;1
1736;1659;365;0
1737;1407;455;0
1738;1036;0;0
1739;1547;89;1
1740;3178;143;0
1741;1246;30;0
1742;1113;0;0
1743;1085;0;1
1744;1538;657;0
1745;1351;126;1
1746;1176;18;0
1747;1484;531;0
1748;1421;177;0
1749;931;138;0
1750;1470;258;0
1751;1036;133;1
1752;1890;140;1
1753;1302;173;0
1754;1113;0;0
1755;1666;24;0
1756;1120;19;1
1757;1435;120;0
1758;1393;12;0
1759;2317;1746;0
1760;1144;117;0
1761;1071;0;1
1762;1064;0;1
1763;1761;362;1
1764;1150;70;0
1765;1141;0;0
1766;1330;963;0
1767;1085;75;0
1768;1141;71;0
1769;1708;216;0
1770;2877;165;1
1771;1264;279;0
1772;938;0;0
1773;1197;0;0
1774;1474;859;0
1775;1204;301;0
1776;1754;1055;1
1777;1113;72;0
1778;1253;218;0
1779;1288;514;0
1780;1316;321;0
1781;1197;361;0
1782;931;34;1
1783;1252;606;0
1784;928;0;0
1785;1246;0;1
1786;1008;235;1
1787;1169;227;0
1788;1330;55;0
1789;1302;65;1
1790;959;0;0
1791;3297;891;0
1792;1220;0;0
1793;1393;75;0
1794;1092;0;0
1795;896;73;0
1796;979;234;0
1797;3268;915;0
1798;1204;339;0
1799;2254;393;0
1800;1341;60;0
1801;1157;0;1
1802;1351;28;0
1803;1386;119;0
1804;1750;732;0
1805;1092;0;0
1806;1288;126;0
1807;1330;32;1
1808;2142;1159;0
1809;1074;161;1
1810;1258;395;0
1811;1717;942;0
1812;2760;1453;0
1813;1218;340;0
1814;1225;0;0
1815;1061;219;0
1816;1862;889;0
1817;1932;573;0
1818;1087;115;0
1819;1316;311;1
1820;1071;96;0
1821;1323;201;0
1822;1127;201;0
1823;1841;0;0
1824;1284;163;0
1825;1337;9;0
1826;1736;798;0
1827;1169;77;0
1828;1092;0;0
1829;1001;218;0
1830;1281;69;0
1831;3249;6132;0
1832;1176;0;0
1833;1214;120;1
1834;9730;5483;0
1835;1876;235;1
1836;1365;187;0
1837;1155;0;0
1838;1106;0;1
1839;1589;0;0
1840;1134;0;0
1841;1197;565;1
1842;1029;150;0
1843;985;159;0
1844;1691;309;0
1845;1393;78;0
1846;1953;64;1
1847;1827;663;1
1848;1253;520;0
1849;1271;332;1
1850;1278;496;1
1851;1029;0;1
1852;1547;472;1
1853;1812;181;0
1854;1106;0;0
1855;2391;1323;0
1856;2177;837;0
1857;1001;219;0
1858;1099;0;0
1859;1071;225;0
1860;987;167;0
1861;1967;1093;1
1862;1201;291;0
1863;1526;209;1
1864;994;0;0
1865;959;178;0
1866;1134;536;0
1867;1351;356;0
1868;987;8;0
1869;1023;177;0
1870;1365;314;0
1871;883;0;1
1872;1761;1044;0
1873;833;0;1
1874;1589;766;0
1875;973;122;0
1876;2174;1600;0
1877;1120;186;1
1878;1246;0;1
1879;1827;247;0
1880;1176;0;0
1881;1017;0;0
1882;2513;1467;0
1883;1297;716;0
1884;1029;0;0
1885;1099;0;1
1886;1148;67;1
1887;1099;0;1
1888;1442;75;0
1889;1169;142;0
1890;1225;128;1
1891;1169;289;0
1892;1239;0;0
1893;1064;99;0
1894;1211;0;0
1895;994;0;0
1896;1071;0;1
1897;1297;334;0
1898;1064;117;0
1899;959;56;0
1900;1144;492;0
1901;3274;203;0
1902;1049;268;0
1903;1260;100;0
1904;1087;0;0
1905;917;148;1
1906;877;0;0
1907;2254;0;0
1908;1015;0;0
1909;985;137;0
1910;1367;200;0
1911;1099;0;0
1912;1430;121;0
1913;1284;159;1
1914;1233;868;0
1915;1029;187;0
1916;973;0;1
1917;1302;1284;0
1918;1302;413;1
1919;1233;631;0
1920;1771;539;1
1921;1365;122;0
1922;1093;93;1
1923;1043;80;0
1924;1596;307;0
1925;1498;0;0
1926;1119;90;0
1927;980;0;1
1928;1246;296;0
1929;1484;71;0
1930;1820;1621;0
1931;1519;494;0
1932;1680;392;0
1933;959;236;0
1934;1106;120;0
1935;1232;0;1
1936;1023;22;1
1937;1015;34;0
1938;959;0;0
1939;2163;718;0
1940;940;0;0
1941;1195;0;0
1942;1393;0;0
1943;2541;0;0
1944;1197;78;0
1945;1022;0;0
1946;1271;387;0
1947;1055;200;0
1948;1233;114;0
1949;1841;892;0
1950;1596;497;1
1951;1078;216;0
1952;1064;210;1
1953;1080;248;0
1954;1176;0;0
1955;1407;482;0
1956;1099;435;0
1957;1358;0;0
1958;1232;109;0
1959;1029;0;1
1960;1544;727;1
1961;945;174;1
1962;1036;345;1
1963;2730;1647;0
1964;1071;325;1
1965;1645;0;0
1966;1071;0;0
1967;909;53;0
1968;934;0;1
1969;1211;0;0
1970;1176;258;1
1971;2863;115;0
1972;4063;186;0
1973;1538;659;0
1974;1106;0;1
1975;1008;0;0
1976;1022;0;0
1977;1428;0;0
1978;966;76;1
1979;1176;61;0
1980;1288;426;0
1981;1176;139;0
1982;1806;992;0
1983;1232;0;0
1984;1157;0;0
1985;1743;0;1
1986;2366;354;1
1987;1736;162;0
1988;1393;0;1
1989;1227;111;0
1990;945;0;0
1991;1334;201;1
1992;1233;298;0
1993;877;0;0
1994;851;98;0
1995;1119;710;0
1996;1659;487;0
1997;1288;200;0
1998;1855;783;0
1999;1404;364;0
2000;1141;225;1
2001;2047;496;0
2002;985;188;1
2003;1022;0;0
2004;1232;479;0
2005;1421;0;0
2006;1080;124;0
2007;1050;0;0
2008;1197;741;1
2009;1087;361;0
2010;1225;126;0
2011;959;254;1
2012;1365;471;0
2013;1071;198;0
2014;1407;181;0
2015;1288;0;0
2016;1093;0;0
2017;980;200;0
2018;1093;104;1
2019;1085;0;0
2020;1421;279;1
2021;1113;22;0
2022;1050;270;1
2023;883;0;0
2024;1057;49;0
2025;1195;438;0
2026;1841;380;0
2027;1078;198;0
2028;2464;1306;0
2029;953;146;0
2030;928;0;0
2031;1015;254;0
2032;1061;105;1
2033;1533;488;0
2034;858;410;0
2035;1022;0;0
2036;1568;279;0
2037;1974;399;0
2038;1061;102;1
2039;1057;30;0
2040;1218;240;0
2041;1341;256;0
2042;1074;0;0
2043;1071;0;0
2044;1334;509;1
2045;1022;156;1
2046;1125;233;1
2047;1138;236;0
2048;1404;162;0
2049;1057;47;1
2050;1148;0;0
2051;1068;168;0
2052;1904;159;0
2053;966;0;0
2054;1029;175;0
2055;994;0;0
2056;1055;85;1
2057;1162;194;1
2058;1232;163;1
2059;1820;937;0
2060;1155;129;1
2061;1227;523;0
2062;839;0;0
2063;2467;238;1
2064;947;0;0
2065;1274;1114;1
2066;2520;193;0
2067;1344;354;1
2068;1127;15;0
2069;1008;60;0
2070;1271;147;0
2071;1400;81;1
2072;1087;389;0
2073;2660;2619;0
2074;1176;95;1
2075;980;69;0
2076;1239;134;1
2077;1220;114;0
2078;2128;999;1
2079;1080;34;0
2080;1904;332;0
2081;1022;0;0
2082;1288;140;1
2083;1474;0;1
2084;1554;678;0
2085;1015;0;0
2086;1022;0;1
2087;1239;260;0
2088;1316;151;0
2089;1330;743;0
2090;1176;100;1
2091;1309;384;0
2092;1526;236;0
2093;1435;276;0
2094;1131;387;0
2095;1057;190;0
2096;1155;121;1
2097;1099;34;0
2098;1645;970;1
2099;1155;250;1
2100;1064;267;1
2101;1010;127;0
2102;1449;0;0
2103;1981;670;0
2104;1806;535;0
2105;1939;279;1
2106;1022;30;1
2107;1239;300;1
2108;1169;549;0
2109;994;270;0
2110;1043;0;0
2111;1334;265;0
2112;1841;1396;0
2113;1029;219;0
2114;1099;0;0
2115;987;0;1
2116;1085;0;1
2117;1577;1242;0
2118;1463;339;0
2119;1456;0;0
2120;1071;0;0
2121;1131;150;0
2122;1208;89;0
2123;1372;21;1
2124;1563;1097;0
2125;1672;506;0
2126;1281;301;1
2127;1888;360;0
2128;1477;0;0
2129;998;0;0
2130;1386;0;0
2131;952;75;1
2132;1526;443;0
2133;1182;20;0
2134;1344;157;0
2135;1125;212;0
2136;2366;165;1
2137;1176;145;0
2138;1328;77;0
2139;1064;0;0
2140;1183;310;1
2141;1157;270;0
2142;1106;99;0
2143;1017;0;1
2144;3164;2144;0
2145;0;0;0
2146;1218;198;1
2147;1267;157;0
2148;1071;65;0
2149;1208;1120;0
2150;973;27;0
2151;1904;1187;0
2152;1078;0;0
2153;2030;275;0
2154;973;0;0
2155;1239;183;0
2156;1449;61;0
2157;1533;113;0
2158;1134;39;0
2159;1316;159;0
2160;1225;59;0
2161;2499;1306;0
2162;1071;51;0
2163;1131;267;1
2164;1113;0;1
2165;1057;161;0
2166;1484;1158;0
2167;1113;420;0
2168;2779;487;0
2169;1106;0;0
2170;861;109;0
2171;1225;317;0
2172;952;154;0
2173;2093;0;0
2174;2100;162;0
2175;2415;1497;1
2176;1386;137;0
2177;3459;2030;0
2178;1694;844;1
2179;1337;0;0
2180;1246;0;1
2181;1330;84;0
2182;1638;220;1
2183;1227;643;0
2184;1239;183;0
2185;1239;260;0
2186;1358;370;0
2187;945;0;0
2188;1120;0;0
2189;1666;742;1
2190;1218;572;0
2191;2058;465;0
2192;1029;0;0
2193;1267;129;0
2194;1379;89;0
2195;1155;89;0
2196;1099;265;0
2197;1204;151;0
2198;1841;649;0
2199;2142;596;0
2200;1316;0;0
2201;1093;297;1
2202;2331;558;0
2203;1188;87;0
2204;1197;504;0
2205;1071;282;0
2206;1239;0;0
2207;2401;1234;0
2208;2317;764;0
2209;1017;277;0
2210;1004;299;0
2211;1449;661;0
2212;1337;0;0
2213;2696;125;1
2214;2576;454;0
2215;1323;0;0
2216;1141;0;0
2217;1050;28;1
2218;1061;293;0
2219;1119;113;0
2220;1176;59;0
2221;1131;94;0
2222;1288;450;0
2223;1144;181;0
2224;1127;82;0
2225;991;0;0
2226;973;689;0
2227;1526;619;0
2228;980;2;0
2229;1290;1432;0
2230;1057;189;0
2231;1042;132;0
2232;1211;53;0
2233;1274;34;1
2234;1358;0;0
2235;1393;174;0
2236;1211;31;0
2237;1288;538;0
2238;1939;682;1
2239;1022;0;1
2240;1512;96;0
2241;749;184;0
2242;1834;860;0
2243;1897;728;0
2244;1113;144;0
2245;749;184;0
2246;1367;645;0
2247;1365;830;0
2248;1309;274;0
2249;1233;366;0
2250;1220;59;1
2251;1288;729;0
2252;730;164;1
2253;1316;148;1
2254;1099;0;1
2255;924;132;0
2256;1561;738;0
2257;883;0;1
2258;1678;152;0
2259;2114;720;0
2260;1157;263;0
2261;1127;164;1
2262;966;150;1
2263;1064;209;1
2264;2251;553;0
2265;1330;0;1
2266;1386;274;0
2267;1258;310;0
2268;1687;131;1
2269;1360;206;1
2270;1365;63;0
2271;2009;459;0
2272;1274;0;0
2273;1778;69;0
2274;1190;326;1
2275;1736;363;0
2276;1001;0;1
2277;1190;29;1
2278;1064;0;0
2279;1337;215;0
2280;1344;568;1
2281;1131;0;1
2282;1316;56;1
2283;1022;0;1
2284;1141;163;0
2285;1042;243;0
2286;973;0;0
2287;3864;2929;0
2288;973;21;1
2289;889;0;0
2290;1841;619;1
2291;877;315;0
2292;1218;0;1
2293;1078;68;0
2294;1015;0;0
2295;966;44;0
2296;1176;450;0
2297;7000;1850;0
2298;1078;369;1
2299;1297;123;0
2300;1348;1159;1
2301;1208;906;0
2302;1316;273;1
2303;1204;66;1
2304;2121;1743;0
2305;1218;0;0
2306;1071;34;0
2307;1004;0;0
2308;1673;579;0
2309;896;0;0
2310;1505;221;1
2311;1080;384;0
2312;1113;0;0
2313;2785;642;0
2314;952;192;0
2315;1071;146;1
2316;1812;401;0
2317;1197;88;0
2318;1404;116;0
2319;1309;0;0
2320;1717;99;1
2321;1043;260;0
2322;2016;936;0
2323;1068;0;0
2324;2034;0;0
2325;1092;30;1
2326;903;0;0
2327;1176;209;0
2328;1820;93;0
2329;1561;505;0
2330;1061;189;0
2331;2041;1685;0
2332;1288;114;0
2333;1519;728;0
2334;1036;97;0
2335;928;0;1
2336;1697;919;0
2337;1085;89;1
2338;1042;96;1
2339;1302;1097;0
2340;1099;0;0
2341;1239;140;0
2342;1820;1253;1
2343;928;0;0
2344;3001;1679;0
2345;1204;148;0
2346;1211;843;0
2347;1157;100;0
2348;1113;0;0
2349;1141;413;0
2350;1862;1436;0
2351;1085;105;0
2352;973;0;0
2353;1155;240;0
2354;1071;181;0
2355;864;0;0
2356;1043;0;0
2357;1309;217;1
2358;1512;0;0
2359;1316;448;0
2360;1554;0;0
2361;1547;0;0
2362;1617;277;0
2363;883;0;0
2364;0;0;0
2365;1113;279;0
2366;1271;419;0
2367;1513;411;0
2368;973;75;0
2369;1589;699;0
2370;1204;179;0
2371;1513;411;0
2372;1400;102;1
2373;1204;0;0
2374;1577;156;0
2375;1162;26;0
2376;1211;85;0
2377;1188;141;1
2378;1134;141;0
2379;2128;815;0
2380;1246;165;1
2381;1155;0;0
2382;0;0;0
2383;1004;70;0
2384;1841;431;1
2385;1064;150;0
2386;1290;181;1
2387;1253;0;1
2388;1330;103;1
2389;1125;907;0
2390;1068;125;0
2391;1252;173;1
2392;1092;193;0
2393;1183;386;0
2394;1211;30;1
2395;883;126;0
2396;1754;843;1
2397;1358;76;0
2398;1218;150;0
2399;915;0;0
2400;1834;617;1
2401;1162;866;1
2402;1125;167;0
2403;1260;376;1
2404;1029;107;0
2405;1876;274;0
2406;1239;359;1
2407;1848;518;0
2408;1176;163;0
2409;1239;68;0
2410;1087;309;0
2411;3115;123;0
2412;4949;2639;0
2413;1258;439;0
2414;973;75;0
2415;1344;196;1
2416;1442;187;1
2417;1085;0;0
2418;1470;342;0
2419;1484;344;0
2420;928;0;0
2421;1050;200;0
2422;2359;1318;0
2423;1036;44;0
2424;1049;0;0
2425;1162;567;0
2426;1078;335;1
2427;1862;462;1
2428;1323;349;0
2429;1042;109;0
2430;1085;28;1
2431;1582;179;0
2432;1176;175;0
2433;1666;50;0
2434;1127;119;0
2435;1071;125;0
2436;883;0;0
2437;2086;0;0
2438;1162;122;0
2439;1337;0;1
2440;1246;447;1
2441;1050;0;1
2442;991;0;0
2443;1113;0;0
2444;1155;0;1
2445;1932;620;0
2446;875;117;0
2447;1093;60;0
2448;1484;889;0
2449;1127;170;0
2450;2016;564;0
2451;3836;169;0
2452;1022;0;0
2453;1001;112;0
2454;1008;75;0
2455;952;0;1
2456;1055;175;0
2457;1303;192;0
2458;2254;0;1
2459;973;0;0
2460;1398;839;0
2461;1087;846;0
2462;1183;0;1
2463;1120;0;0
2464;1540;98;0
2465;1197;368;0
2466;728;201;1
2467;1042;217;0
2468;1134;282;1
2469;1183;73;0
2470;979;97;0
2471;1218;128;0
2472;973;0;1
2473;1008;163;0
2474;1112;0;0
2475;1443;0;0
2476;1792;0;1
2477;1491;202;0
2478;1729;579;1
2479;1099;0;1
2480;1188;356;0
2481;959;54;0
2482;1400;501;0
2483;1498;34;0
2484;1055;152;0
2485;973;0;1
2486;1141;39;0
2487;1176;179;0
2488;1344;251;0
2489;1078;145;0
2490;1848;420;0
2491;1722;0;0
2492;940;0;1
2493;1372;0;0
2494;2816;129;0
2495;1064;76;0
2496;1421;507;0
2497;1400;158;0
2498;987;0;1
2499;973;0;0
2500;1544;613;0
2501;1106;98;1
2502;1414;650;0
2503;1050;38;0
2504;1694;371;1
2505;1029;127;0
2506;915;0;1
2507;991;0;0
2508;1533;637;0
2509;1085;0;0
2510;1723;109;0
2511;959;28;0
2512;1239;117;0
2513;1001;0;0
2514;1365;195;0
2515;994;0;1
2516;1092;128;0
2517;1841;845;1
2518;1218;132;0
2519;1617;240;0
2520;2331;314;1
2521;921;242;0
2522;1260;34;1
2523;1001;184;1
2524;1131;312;0
2525;1474;361;0
2526;1354;201;0
2527;1141;0;0
2528;2331;306;0
2529;1050;64;0
2530;987;143;0
2531;1323;43;0
2532;1078;0;0
2533;1036;76;0
2534;1010;422;0
2535;1049;0;0
2536;1134;309;0
2537;2254;0;0
2538;1316;85;0
2539;1577;84;0
2540;1743;0;0
2541;1106;0;0
2542;1659;423;0
2543;1512;250;0
2544;952;0;0
2545;1113;225;0
2546;1463;347;0
2547;1214;299;1
2548;1050;0;0
2549;1288;0;0
2550;1393;208;0
2551;1379;1226;1
2552;1078;780;0
2553;1442;0;1
2554;1400;288;0
2555;1589;0;1
2556;1169;0;0
2557;952;0;1
2558;1113;313;1
2559;1449;650;0
2560;1057;0;0
2561;1281;202;0
2562;1218;832;0
2563;1017;220;0
2564;1246;527;0
2565;1169;363;0
2566;1182;235;0
2567;1841;0;0
2568;1309;406;0
2569;1061;0;0
2570;2366;137;0
2571;1022;41;1
2572;1106;0;1
2573;2226;1077;1
2574;1042;164;0
2575;1176;0;1
2576;1141;87;0
2577;1008;0;1
2578;1890;939;0
2579;1792;221;1
2580;1190;0;0
2581;3269;1368;0
2582;1106;318;1
2583;1087;230;0
2584;1414;1300;0
2585;1029;33;0
2586;979;410;0
2587;1358;370;0
2588;1246;220;0
2589;1540;486;1
2590;1078;182;0
2591;1071;0;1
2592;883;0;1
2593;1953;628;0
2594;1078;72;0
2595;1190;69;1
2596;1106;0;0
2597;1092;0;1
2598;1119;0;0
2599;1071;590;0
2600;1182;416;0
2601;1372;318;0
2602;1456;498;0
2603;1233;362;1
2604;1233;479;0
2605;938;115;1
2606;1302;291;1
2607;1386;200;0
2608;1036;58;0
2609;959;91;0
2610;1232;294;1
2611;910;56;0
2612;1260;14;1
2613;883;33;0
2614;1225;65;1
2615;1074;0;1
2616;1183;55;0
2617;1729;859;1
2618;1507;355;1
2619;1080;33;0
2620;1071;0;0
2621;1393;1320;1
2622;1288;0;1
2623;1841;745;0
2624;1080;418;0
2625;1029;123;1
2626;1372;189;0
2627;1162;277;0
2628;1253;64;0
2629;2688;920;1
2630;1176;307;0
2631;2723;976;0
2632;959;0;0
2633;1176;405;0
2634;1106;101;0
2635;1068;0;1
2636;2499;544;0
2637;2282;646;1
2638;1022;61;1
2639;1120;193;0
2640;1029;0;1
2641;1407;0;0
2642;1400;177;0
2643;1351;227;0
2644;883;201;0
2645;1841;157;1
2646;2170;1564;0
2647;1309;221;1
2648;1617;211;0
2649;1442;214;1
2650;1099;98;0
2651;1055;0;0
2652;1400;920;0
2653;1239;0;0
2654;1500;1027;0
2655;1284;34;0
2656;1672;424;0
2657;2240;0;0
2658;1232;323;0
2659;1971;31;0
2660;1505;206;1
2661;1500;807;0
2662;1260;147;0
2663;1064;0;1
2664;1303;136;0
2665;1958;34;0
2666;1055;223;0
2667;1071;31;1
2668;861;0;0
2669;1358;218;0
2670;1575;368;0
2671;1131;0;0
2672;1106;116;1
2673;973;61;0
2674;1074;0;0
2675;1393;64;0
2676;1227;202;0
2677;1080;336;0
2678;1953;1642;1
2679;1246;229;1
2680;1106;926;0
2681;1106;104;1
2682;1297;263;0
2683;1099;61;0
2684;1008;0;0
2685;1043;47;1
2686;1015;228;1
2687;1757;258;0
2688;1876;752;0
2689;1841;844;0
2690;1064;207;0
2691;1176;309;1
2692;883;180;0
2693;1328;0;1
2694;915;305;0
2695;973;0;0
2696;1176;172;0
2697;1218;0;0
2698;1274;328;1
2699;1358;26;0
2700;2268;1153;0
2701;1113;225;0
2702;931;29;0
2703;1729;0;0
2704;1085;0;0
2705;1119;208;0
2706;1288;0;0
2707;1188;680;0
2708;1120;526;0
2709;1218;439;0
2710;1841;461;0
2711;1131;181;0
2712;1106;249;1
2713;1155;75;0
2714;1907;355;0
2715;1617;204;0
2716;952;202;1
2717;1288;193;0
2718;966;347;0
2719;3108;706;0
2720;940;0;0
2721;1214;294;0
2722;973;0;0
2723;1281;0;0
2724;1225;0;0
2725;1337;135;0
2726;1428;239;0
2727;1190;118;1
2728;1010;57;0
2729;1505;333;0
2730;903;0;1
2731;1512;250;0
2732;1239;686;0
2733;915;124;0
2734;1610;142;0
2735;1239;0;0
2736;1155;196;0
2737;1703;494;0
2738;1848;808;0
2739;1271;240;0
2740;3472;59;1
2741;1099;48;1
2742;1057;0;1
2743;1498;161;1
2744;1869;443;0
2745;1201;383;0
2746;1316;176;0
2747;1232;100;0
2748;1680;140;0
2749;1169;101;0
2750;1386;100;1
2751;1211;0;1
2752;2184;1846;0
2753;1365;161;0
2754;994;0;0
2755;1322;104;0
2756;1533;384;0
2757;1288;112;0
2758;1354;443;1
2759;973;0;1
2760;2058;492;0
2761;1554;308;0
2762;2331;1943;0
2763;1971;846;0
2764;1365;830;0
2765;1169;577;0
2766;1113;0;1
2767;1050;0;0
2768;1547;102;1
2769;1099;0;0
2770;1260;331;0
2771;1169;49;0
2772;1526;591;0
2773;1138;0;1
2774;805;83;0
2775;1022;0;0
2776;2009;410;0
2777;1589;1243;0
2778;1120;0;0
2779;1341;815;0
2780;1379;211;0
2781;2184;440;0
2782;1049;0;0
2783;987;34;0
2784;1197;156;0
2785;1120;503;0
2786;1015;175;0
2787;1946;685;0
2788;973;0;1
2789;1183;0;1
2790;1092;62;0
2791;979;544;0
2792;917;156;0
2793;1449;333;0
2794;934;0;1
2795;2331;378;0
2796;959;0;1
2797;2060;1010;0
2798;1106;288;0
2799;1456;1000;0
2800;1169;48;1
2801;2170;508;0
2802;987;0;0
2803;1182;158;0
2804;1837;565;0
2805;1295;334;0
2806;1939;52;0
2807;940;193;0
2808;1414;199;0
2809;1211;313;0
2810;1106;213;0
2811;1182;254;0
2812;1050;0;0
2813;1617;242;0
2814;1064;0;0
2815;1428;331;0
2816;2002;701;0
2817;2688;1086;0
2818;1106;62;0
2819;1295;0;0
2820;980;212;1
2821;2884;432;0
2822;921;0;0
2823;1577;1122;0
2824;1288;0;0
2825;1078;0;1
2826;2394;1414;0
2827;1022;150;0
2828;1106;0;0
2829;1239;70;0
2830;1057;75;0
2831;1547;167;0
2832;1204;5;0
2833;1138;75;0
2834;1449;230;0
2835;903;0;0
2836;1264;241;1
2837;1022;0;0
2838;1264;0;0
2839;1176;0;0
2840;2079;71;1
2841;1078;104;0
2842;1119;0;1
2843;1036;0;0
2844;1421;336;1
2845;1621;652;1
2846;1106;232;1
2847;1120;0;1
2848;1358;310;0
2849;1484;236;0
2850;1131;650;0
2851;1274;179;0
2852;1750;77;0
2853;1246;351;0
2854;1134;119;0
2855;966;179;0
2856;2785;1139;0
2857;1183;56;0
2858;973;197;0
2859;1491;51;0
2860;945;0;1
2861;1218;244;0
2862;979;556;0
2863;1232;167;0
2864;1939;189;0
2865;1201;200;0
2866;1074;192;0
2867;1393;0;0
2868;1225;196;0
2869;724;144;0
2870;1155;226;0
2871;1694;0;0
2872;1022;65;1
2873;1883;0;0
2874;979;543;0
2875;1176;182;1
2876;1068;34;0
2877;1106;195;0
2878;1360;99;0
2879;1309;304;1
2880;973;47;0
2881;1214;766;0
2882;2331;163;0
2883;1561;215;0
2884;1373;336;1
2885;1099;224;0
2886;1939;133;1
2887;973;0;0
2888;1827;52;0
2889;1188;198;0
2890;1119;103;0
2891;1491;195;0
2892;1554;63;1
2893;1470;608;1
2894;1568;195;0
2895;1267;315;0
2896;1672;449;0
2897;1372;0;0
2898;903;0;0
2899;1344;275;1
2900;1971;337;0
2901;1806;696;0
2902;1348;349;0
2903;921;51;0
2904;1015;0;0
2905;959;0;0
2906;1400;99;0
2907;1645;310;0
2908;1414;304;1
2909;1017;0;1
2910;1330;130;0
2911;1449;98;0
2912;1036;0;0
2913;1085;34;0
2914;1281;353;0
2915;1071;0;0
2916;1176;0;0
2917;1365;115;0
2918;1232;211;1
2919;1926;1157;0
2920;1267;148;0
2921;1617;312;1
2922;1148;450;1
2923;959;0;0
2924;2219;1857;0
2925;1078;0;0
2926;1112;51;0
2927;1001;35;0
2928;1344;0;0
2929;1232;21;0
2930;1386;56;0
2931;1820;235;0
2932;979;92;0
2933;1841;586;1
2934;1239;0;0
2935;1463;284;0
2936;1085;160;0
2937;1780;662;0
2938;3283;307;0
2939;1652;528;0
2940;1463;707;0
2941;1337;117;1
2942;1120;0;0
2943;1092;591;0
2944;987;0;0
2945;826;266;1
2946;1680;247;0
2947;945;64;1
2948;2128;855;1
2949;966;93;0
2950;1330;113;1
2951;1099;466;0
2952;924;92;0
2953;1162;1035;0
2954;1057;138;0
2955;1303;246;1
2956;1533;71;0
2957;1373;604;1
2958;1253;0;0
2959;1264;183;1
2960;1169;0;0
2961;945;184;1
2962;1288;470;1
2963;1302;213;0
2964;1190;170;0
2965;1284;280;0
2966;1687;0;0
2967;1274;80;0
2968;2149;1262;0
2969;1093;0;0
2970;1554;0;0
2971;1827;618;0
2972;1260;44;0
2973;833;0;0
2974;711;172;0
2975;1672;499;0
2976;924;0;0
2977;1246;836;0
2978;1827;385;0
2979;1008;20;1
2980;1260;406;0
2981;1144;130;0
2982;1218;182;0
2983;1337;419;1
2984;1421;226;0
2985;1008;0;1
2986;1260;99;0
2987;1197;0;1
2988;1093;122;0
2989;1239;236;0
2990;985;0;0
2991;1260;294;0
2992;1316;45;0
2993;1400;175;0
2994;1008;28;0
2995;1449;605;0
2996;1428;0;0
2997;1398;234;0
2998;1337;91;0
2999;1190;49;1
3000;1134;48;0
3001;1995;0;0
3002;1354;330;1
3003;1443;319;1
3004;1631;294;0
3005;1106;27;0
3006;1437;255;1
3007;1400;308;1
3008;1022;0;0
3009;1022;59;0
3010;1337;300;1
3011;1379;0;0
3012;1144;113;1
3013;2058;704;0
3014;1001;171;1
3015;1169;66;1
3016;2254;436;0
3017;1176;0;0
3018;1344;246;1
3019;1078;0;0
3020;1071;97;1
3021;909;313;0
3022;1267;74;0
3023;1036;103;0
3024;1239;195;1
3025;921;61;1
3026;3409;720;0
3027;1561;332;0
3028;1393;285;0
3029;2066;1883;0
3030;1068;135;1
3031;1008;28;0
3032;1092;591;0
3033;1323;707;0
3034;1085;196;0
3035;1144;0;0
3036;945;0;0
3037;1208;415;0
3038;1309;436;1
3039;1055;182;0
3040;1225;422;0
3041;1414;753;1
3042;1155;87;0
3043;1258;109;0
3044;1337;0;0
3045;1029;0;0
3046;1442;0;0
3047;1652;0;0
3048;2156;244;0
3049;1232;303;0
3050;1141;99;0
3051;1169;195;1
3052;1672;510;0
3053;1190;0;0
3054;1309;177;0
3055;813;41;0
3056;979;39;0
3057;1328;601;0
3058;987;0;0
3059;1568;894;0
3060;1421;379;1
3061;2457;443;0
3062;1055;78;0
3063;994;175;1
3064;1113;0;0
3065;1125;298;1
3066;1297;201;0
3067;1008;0;0
3068;980;260;0
3069;1435;467;1
3070;1085;34;0
3071;1848;407;0
3072;1337;547;1
3073;1328;80;1
3074;1617;0;0
3075;1022;0;1
3076;1869;27;1
3077;1015;0;1
3078;953;0;1
3079;1085;0;1
3080;2107;840;1
3081;1806;24;0
3082;2429;788;0
3083;1071;0;0
3084;1792;751;0
3085;938;44;0
3086;1071;0;0
3087;1806;0;0
3088;1386;161;1
3089;1017;429;0
3090;868;157;0
3091;1358;421;0
3092;938;352;1
3093;1494;1404;0
3094;1284;229;0
3095;1004;293;0
3096;1093;210;0
3097;1036;56;1
3098;1208;85;0
3099;1176;26;0
3100;2128;397;0
3101;1316;180;0
3102;1225;28;1
3103;1127;68;0
3104;1239;198;0
3105;1841;468;0
3106;947;74;0
3107;1484;0;0
3108;973;0;1
3109;952;0;1
3110;1575;1156;0
3111;953;0;0
3112;1278;217;1
3113;1274;89;1
3114;1494;93;0
3115;2303;880;0
3116;1008;0;0
3117;1071;97;1
3118;966;125;1
3119;1274;231;0
3120;1793;1066;0
3121;1155;0;0
3122;1148;236;0
3123;1435;131;0
3124;1995;21;1
3125;1232;328;0
3126;931;145;0
3127;1106;0;0
3128;1190;34;0
3129;1208;99;1
3130;973;0;0
3131;1463;339;0
3132;1365;0;1
3133;1050;456;1
3134;1428;172;0
3135;1036;123;0
3136;1208;0;1
3137;947;16;0
3138;1036;0;0
3139;994;35;0
3140;883;0;0
3141;1428;535;0
3142;2212;944;0
3143;1627;184;0
3144;940;0;0
3145;1099;0;0
3146;952;0;0
3147;1701;70;0
3148;940;0;0
3149;1106;249;0
3150;1106;0;0
3151;1134;25;0
3152;1367;1409;0
3153;1036;0;0
3154;1996;610;0
3155;1365;181;1
3156;1563;0;0
3157;1519;0;0
3158;1792;0;0
3159;1141;166;0
3160;1004;0;0
3161;1507;150;1
3162;1519;494;0
3163;1120;123;1
3164;1913;447;1
3165;1085;0;1
3166;1449;1095;0
3167;1169;536;0
3168;1099;131;1
3169;1176;461;0
3170;1631;58;0
3171;1827;657;1
3172;1008;34;0
3173;1494;502;0
3174;1064;0;1
3175;917;509;0
3176;1540;823;0
3177;1008;0;0
3178;1050;30;0
3179;1218;98;0
3180;1085;175;0
3181;1507;742;1
3182;985;137;0
3183;940;122;0
3184;1246;1082;0
3185;1157;98;0
3186;1281;0;0
3187;1022;130;1
3188;1428;0;1
3189;1138;310;0
3190;1680;105;0
3191;1148;84;0
3192;1435;240;0
3193;1169;0;0
3194;1071;99;0
3195;1225;244;0
3196;903;0;0
3197;1708;483;0
3198;2135;400;0
3199;6538;2146;0
3200;1330;60;0
3201;1267;331;1
3202;1071;0;0
3203;1827;535;0
3204;1157;573;0
3205;1144;109;0
3206;1125;86;0
3207;1428;515;0
3208;1220;227;0
3209;1239;312;0
3210;1150;329;0
3211;883;0;0
3212;1087;0;0
3213;1099;129;1
3214;1862;518;1
3215;1288;536;0
3216;1190;106;0
3217;1036;0;0
3218;3108;54;0
3219;1512;266;0
3220;1267;48;0
3221;1176;345;0
3222;1379;599;0
3223;1722;860;0
3224;2898;1728;0
3225;1659;667;1
3226;1393;395;0
3227;1112;416;0
3228;1134;93;0
3229;1290;574;0
3230;1428;214;1
3231;1190;258;0
3232;1507;104;0
3233;1218;0;1
3234;1008;184;1
3235;1099;0;1
3236;1064;166;0
3237;1148;210;0
3238;1227;158;0
3239;1239;283;0
3240;1078;84;0
3241;980;181;0
3242;1138;156;0
3243;1365;53;1
3244;1841;0;1
3245;1119;106;0
3246;1841;395;0
3247;1258;180;0
3248;1162;526;1
3249;1029;152;0
3250;1080;128;1
3251;1055;225;0
3252;1015;57;0
3253;1113;0;0
3254;1414;52;0
3255;1911;1078;0
3256;1057;509;1
3257;1148;0;1
3258;1197;1157;0
3259;1043;155;0
3260;1148;138;0
3261;1176;290;0
3262;1163;0;0
3263;980;0;0
3264;1638;808;0
3265;1131;197;0
3266;1208;206;1
3267;1085;0;0
3268;1351;295;1
3269;1428;114;0
3270;1561;561;0
3271;1182;377;0
3272;994;0;0
3273;1055;194;0
3274;1169;609;0
3275;1414;520;0
3276;1227;214;1
3277;1869;68;0
3278;1201;227;1
3279;1513;341;0
3280;1092;0;0
3281;1575;603;1
3282;1421;0;0
3283;1106;88;0
3284;1022;0;0
3285;1442;93;0
3286;1729;796;0
3287;1036;0;1
3288;1190;159;0
3289;1190;0;0
3290;1010;60;1
3291;889;0;0
3292;1071;98;0
3293;1010;467;0
3294;1344;55;1
3295;1113;19;0
3296;1201;424;0
3297;985;0;1
3298;1841;416;1
3299;1883;244;0
3300;1239;0;0
3301;1113;0;1
3302;910;194;0
3303;1049;0;1
3304;1162;217;0
3305;1204;0;1
3306;1264;258;0
3307;1078;303;0
3308;1288;448;0
3309;1715;240;0
3310;959;0;0
3311;1519;1074;0
3312;940;436;1
3313;3001;275;1
3314;1162;59;1
3315;1071;197;0
3316;1036;445;0
3317;1400;606;1
3318;1022;0;0
3319;1023;0;0
3320;1253;109;0
3321;1253;0;0
3322;945;30;1
3323;987;0;1
3324;1036;131;0
3325;1351;56;0
3326;1271;0;0
3327;1099;0;1
3328;1078;317;0
3329;1176;31;0
3330;1290;0;1
3331;1360;605;0
3332;1295;124;0
3333;1022;0;0
3334;1010;337;1
3335;931;354;0
3336;2403;972;0
3337;1328;351;1
3338;896;0;0
3339;1736;816;0
3340;1134;0;0
3341;1022;345;1
3342;1253;172;0
3343;2047;1348;0
3344;1267;223;0
3345;1127;206;0
3346;1099;0;0
3347;1087;181;1
3348;1182;281;0
3349;2366;911;0
3350;1379;505;0
3351;980;159;0
3352;2016;244;1
3353;2009;581;0
3354;945;0;0
3355;1155;122;0
3356;1799;741;1
3357;1295;0;0
3358;1274;142;0
3359;1470;668;0
3360;1218;998;0
3361;1017;209;0
3362;1204;34;0
3363;953;53;0
3364;1288;251;0
3365;2163;1039;0
3366;1624;499;0
3367;1064;0;1
3368;1162;526;1
3369;1278;0;0
3370;973;0;1
3371;1260;581;0
3372;2219;321;0
3373;1729;874;0
3374;1218;0;1
3375;973;0;0
3376;1001;99;1
3377;1411;348;0
3378;1281;289;0
3379;1148;0;0
3380;1351;593;0
3381;870;0;0
3382;973;0;0
3383;1008;287;0
3384;1484;228;0
3385;1197;412;1
3386;1260;308;0
3387;864;27;0
3388;1085;99;1
3389;1138;97;0
3390;2276;632;0
3391;2128;767;0
3392;1246;83;0
3393;1561;94;0
3394;1554;195;1
3395;2009;754;0
3396;1190;0;0
3397;1022;119;0
3398;940;0;0
3399;1687;187;1
3400;847;38;0
3401;1125;0;0
3402;1127;75;0
3403;1513;1538;0
3404;1190;194;1
3405;1365;135;1
3406;1246;0;0
3407;1344;116;1
3408;1360;605;0
3409;1099;55;0
3410;1883;503;0
3411;1057;371;0
3412;1456;49;0
3413;1214;398;0
3414;1498;889;0
3415;1162;0;1
3416;1085;68;0
3417;1127;61;0
3418;1049;33;0
3419;1197;149;0
3420;1295;314;0
3421;1050;58;0
3422;1127;82;0
3423;985;0;1
3424;2114;0;0
3425;1092;137;0
3426;1022;0;0
3427;1400;133;0
3428;1197;87;0
3429;1204;352;1
3430;1015;225;0
3431;1150;208;0
3432;1288;321;1
3433;1988;25;0
3434;1354;0;0
3435;1964;436;0
3436;1134;0;0
3437;1085;0;1
3438;2646;262;0
3439;1043;109;1
3440;1232;22;0
3441;1913;916;0
3442;1120;0;0
3443;1183;93;0
3444;1430;240;0
3445;1666;110;1
3446;1190;328;0
3447;1078;0;0
3448;1687;764;0
3449;998;289;1
3450;994;0;1
3451;1099;0;0
3452;973;0;1
3453;1113;0;1
3454;1519;643;0
3455;1106;95;1
3456;1561;294;1
3457;1125;0;1
3458;959;39;0
3459;1652;119;0
3460;3220;569;0
3461;910;111;1
3462;1407;0;1
3463;1372;0;0
3464;1148;0;0
3465;3777;2113;1
3466;1267;85;0
3467;1372;2188;1
3468;1271;299;0
3469;987;86;1
3470;1309;34;0
3471;1295;123;0
3472;1119;128;0
3473;985;0;0
3474;1015;118;0
3475;1127;288;0
3476;1113;750;0
3477;938;0;0
3478;1195;0;1
3479;998;0;0
3480;1190;29;0
3481;883;270;0
3482;1442;417;0
3483;1080;410;0
3484;2576;1186;0
3485;1176;0;1
3486;1309;39;1
3487;1316;426;0
3488;1099;256;0
3489;1512;128;0
3490;1042;0;1
3491;1428;134;0
3492;1138;396;0
3493;1099;55;0
3494;1533;232;0
3495;1701;123;0
3496;921;0;0
3497;1029;313;0
3498;3570;508;0
3499;1055;190;0
3500;1085;0;0
3501;1837;504;0
3502;1197;37;0
3503;1435;55;0
3504;1218;127;1
3505;1113;0;0
3506;1316;127;1
3507;1106;0;0
3508;1141;202;0
3509;1274;0;1
3510;2856;304;0
3511;1974;1300;0
3512;1351;1176;0
3513;1182;256;0
3514;2198;1242;1
3515;1379;197;1
3516;1281;95;1
3517;1267;473;0
3518;1328;297;0
3519;1182;192;1
3520;1195;226;0
3521;1218;72;0
3522;1157;0;0
3523;1533;492;0
3524;1519;0;0
3525;2394;1463;0
3526;1367;41;0
3527;1952;1474;0
3528;2716;577;0
3529;1855;875;0
3530;1182;342;1
3531;1295;154;0
3532;1055;85;1
3533;1428;450;0
3534;1645;303;0
3535;1001;0;0
3536;1113;299;0
3537;987;230;1
3538;1678;74;0
3539;952;0;0
3540;2324;147;0
3541;953;59;1
3542;1246;0;0
3543;1246;203;0
3544;1225;65;0
3545;973;0;0
3546;1148;236;0
3547;1036;61;0
3548;1141;272;0
3549;1337;652;0
3550;1435;147;0
3551;1398;839;0
3552;1182;354;0
3553;1001;167;1
3554;1710;581;0
3555;1227;249;0
3556;1271;186;0
3557;991;0;0
3558;1827;951;1
3559;1672;156;1
3560;1022;0;0
3561;1344;53;1
3562;1190;508;1
3563;1302;414;1
3564;1106;109;0
3565;1169;22;1
3566;953;0;0
3567;1183;0;0
3568;1491;245;1
3569;1337;330;0
3570;1134;448;1
3571;1582;871;0
3572;1211;0;0
3573;1290;185;1
3574;2506;1452;0
3575;1288;198;1
3576;1351;0;0
3577;1253;0;1
3578;1050;21;0
3579;1204;104;0
3580;1443;599;0
3581;1764;1313;0
3582;1218;0;0
3583;1064;207;1
3584;1484;357;0
3585;1148;0;0
3586;1260;0;0
3587;1004;0;0
3588;1055;175;0
3589;1120;547;1
3590;1538;726;0
3591;998;109;0
3592;1274;349;0
3593;2058;356;0
3594;1442;0;1
3595;1208;204;1
3596;2233;892;1
3597;1309;232;0
3598;1134;0;0
3599;1190;113;0
3600;1134;160;1
3601;1099;469;0
3602;1303;1538;0
3603;1512;575;1
3604;1106;0;1
3605;1064;0;1
3606;1348;119;1
3607;1163;360;0
3608;959;0;0
3609;1239;240;0
3610;1647;605;0
3611;1225;21;1
3612;1022;696;1
3613;1575;961;1
3614;1330;326;0
3615;1080;196;0
3616;921;68;0
3617;952;0;0
3618;1190;228;0
3619;1029;0;0
3620;1848;429;0
3621;1411;580;1
3622;1078;0;0
3623;889;221;0
3624;1953;61;1
3625;1141;202;0
3626;1162;160;0
3627;1694;588;0
3628;1134;101;1
3629;1208;0;1
3630;1526;95;0
3631;1085;0;0
3632;1869;708;0
3633;1253;0;1
3634;1498;565;0
3635;1148;30;0
3636;1513;154;1
3637;1113;348;1
3638;1197;32;0
3639;1344;397;0
3640;1358;451;0
3641;1239;360;0
3642;1365;100;1
3643;1064;27;0
3644;1099;14;0
3645;1085;0;1
3646;1297;276;0
3647;1491;386;0
3648;952;81;0
3649;1253;0;0
3650;1182;532;1
3651;877;0;0
3652;1204;417;1
3653;1456;596;0
3654;1470;0;0
3655;826;205;1
3656;1036;134;0
3657;1023;0;0
3658;1071;536;0
3659;1246;442;0
3660;973;0;0
3661;1360;0;0
3662;1435;467;1
3663;1672;272;1
3664;1487;304;0
3665;1295;405;0
3666;1127;247;0
3667;1112;270;1
3668;953;100;0
3669;1220;411;0
3670;1112;0;0
3671;1393;56;1
3672;1068;170;0
3673;1253;71;0
3674;1010;285;0
3675;1354;0;0
3676;2079;1344;0
3677;1246;101;0
3678;1841;440;0
3679;2289;388;0
3680;1029;0;0
3681;1134;0;1
3682;1302;204;1
3683;1348;149;0
3684;1049;0;0
3685;1334;503;0
3686;1078;190;0
3687;1946;1317;0
3688;1691;77;1
3689;1513;938;0
3690;1323;0;1
3691;2161;865;1
3692;1309;520;0
3693;1806;1002;0
3694;1182;414;0
3695;1071;0;0
3696;1071;130;0
3697;1093;5;1
3698;1533;231;1
3699;945;0;0
3700;1201;615;0
3701;973;0;1
3702;1001;0;0
3703;1855;813;0
3704;1392;254;1
3705;959;0;0
3706;1036;0;1
3707;1127;52;0
3708;1722;0;1
3709;1078;371;0
3710;1169;0;0
3711;1099;0;0
3712;966;0;0
3713;1281;300;0
3714;1197;494;1
3715;1197;361;0
3716;973;43;1
3717;883;0;0
3718;1330;130;0
3719;2212;205;0
3720;1596;553;1
3721;1748;229;1
3722;1253;64;0
3723;1407;402;0
3724;1274;342;0
3725;966;128;0
3726;921;0;1
3727;1078;104;0
3728;1043;120;1
3729;870;0;0
3730;2244;933;0
3731;1430;50;0
3732;1150;240;0
3733;1071;0;0
3734;903;27;0
3735;1157;353;0
3736;1218;0;0
3737;2359;442;0
3738;1414;753;1
3739;1239;151;0
3740;1344;269;0
3741;1260;64;0
3742;1303;83;1
3743;2085;407;0
3744;1214;194;0
3745;1057;252;0
3746;2212;446;0
3747;1074;479;0
3748;1120;167;0
3749;1786;1145;0
3750;952;30;0
3751;991;0;0
3752;1150;90;1
3753;1855;839;0
3754;1295;88;0
3755;1260;39;1
3756;1354;493;1
3757;1085;290;0
3758;1603;830;0
3759;1232;204;0
3760;1911;806;1
3761;959;43;0
3762;1015;218;0
3763;2156;244;0
3764;840;220;0
3765;1214;209;0
3766;1015;0;1
3767;1204;138;0
3768;1188;127;0
3769;1022;0;0
3770;1883;130;0
3771;1463;375;0
3772;1610;217;0
3773;959;0;0
3774;1977;1554;0
3775;1264;618;1
3776;1841;422;0
3777;1010;521;0
3778;1995;54;0
3779;2387;709;0
3780;1071;136;0
3781;1169;0;1
3782;980;0;1
3783;1127;0;0
3784;1932;512;1
3785;1085;0;1
3786;966;0;0
3787;883;126;0
3788;1008;73;0
3789;1093;308;0
3790;1141;97;0
3791;2058;334;0
3792;945;0;0
3793;1071;0;0
3794;1239;0;0
3795;979;0;0
3796;1337;366;0
3797;1246;212;0
3798;1064;0;0
3799;1841;395;0
3800;1239;203;0
3801;1392;0;0
3802;1157;40;0
3803;1182;266;0
3804;1138;464;0
3805;1232;0;1
3806;1258;216;0
3807;1519;782;0
3808;938;25;0
3809;1078;58;0
3810;1218;21;0
3811;1113;0;0
3812;1267;87;0
3813;973;0;1
3814;1078;0;1
3815;1015;196;0
3816;1141;0;0
3817;2870;0;0
3818;1708;491;0
3819;1284;0;0
3820;1547;30;0
3821;3465;852;0
3822;1162;65;0
3823;1064;93;0
3824;1071;0;1
3825;1680;57;0
3826;1379;585;1
3827;1015;166;0
3828;1225;485;1
3829;1351;288;0
3830;1583;766;0
3831;1127;66;0
3832;1022;0;0
3833;1442;401;0
3834;973;285;0
3835;910;191;0
3836;833;170;0
3837;952;0;0
3838;1113;221;0
3839;868;86;1
3840;1246;513;0
3841;1672;578;0
3842;1208;204;1
3843;1131;161;1
3844;1392;1074;1
3845;1302;169;1
3846;1430;146;0
3847;1120;0;0
3848;1799;0;0
3849;1099;0;1
3850;1068;238;0
3851;1442;99;0
3852;1155;73;0
3853;1078;3;0
3854;1057;400;0
3855;1042;342;0
3856;1113;0;1
3857;1284;73;1
3858;1162;108;0
3859;1068;147;0
3860;973;83;0
3861;1848;1009;0
3862;1169;144;0
3863;1519;0;1
3864;1337;631;0
3865;1435;253;1
3866;1652;418;0
3867;1162;320;0
3868;1120;283;1
3869;1253;540;0
3870;1806;54;0
3871;1484;128;0
3872;1799;0;0
3873;1995;840;0
3874;928;0;0
3875;1106;192;0
3876;1087;782;1
3877;938;130;1
3878;1589;0;0
3879;1085;59;0
3880;1393;590;1
3881;952;43;0
3882;994;28;0
3883;1093;39;0
3884;1435;139;0
3885;1610;137;1
3886;1827;619;1
3887;1208;27;0
3888;1659;742;0
3889;1491;358;0
3890;1022;0;0
3891;1302;99;1
3892;1197;494;0
3893;1119;195;0
3894;1309;0;0
3895;1351;87;0
3896;1197;254;0
3897;2611;1613;0
3898;2002;280;0
3899;1001;139;0
3900;1239;195;0
3901;998;0;0
3902;1188;0;0
3903;1302;307;1
3904;1540;112;0
3905;1694;1034;1
3906;1281;289;0
3907;1010;283;1
3908;1176;70;0
3909;1092;0;0
3910;1125;60;0
3911;1367;0;0
3912;1148;0;0
3913;1085;0;1
3914;1302;206;0
3915;1392;305;1
3916;1176;208;1
3917;903;0;0
3918;1176;0;0
3919;1309;407;0
3920;1274;98;0
3921;1029;0;1
3922;1393;275;1
3923;1260;30;0
3924;1050;41;0
3925;1087;282;0
3926;2009;591;0
3927;1820;458;0
3928;883;0;1
3929;1624;0;1
3930;1004;31;0
3931;1036;0;0
3932;1078;44;0
3933;973;25;0
3934;1043;52;0
3935;1141;312;0
3936;1064;116;1
3937;1239;265;0
3938;1253;0;0
3939;1365;114;0
3940;973;0;1
3941;940;0;0
3942;2464;124;0
3943;1400;243;0
3944;1169;194;0
3945;1260;0;0
3946;0;0;1
3947;1176;0;0
3948;1043;86;1
3949;1757;1059;0
3950;1373;404;0
3951;1316;159;0
3952;1148;671;0
3953;1456;173;0
3954;1036;469;0
3955;1344;821;1
3956;1379;566;0
3957;1057;60;1
3958;979;0;1
3959;1099;144;1
3960;1407;0;0
3961;1078;82;0
3962;1141;225;1
3963;1267;162;0
3964;934;61;1
3965;1246;221;0
3966;1119;112;1
3967;1295;133;0
3968;966;157;0
3969;1393;1021;0
3970;1407;237;0
3971;1904;710;0
3972;1372;127;0
3973;1463;300;0
3974;1491;200;1
3975;1080;229;0
3976;959;254;1
3977;1029;392;0
3978;1157;307;0
3979;1544;559;0
3980;1841;704;0
3981;2457;474;0
3982;973;0;0
3983;1055;175;0
3984;1218;151;0
3985;1008;0;0
3986;966;79;0
3987;1022;0;1
3988;1150;59;0
3989;1204;182;0
3990;1043;48;0
3991;973;0;1
3992;1316;199;0
3993;1125;115;0
3994;2163;718;0
3995;1302;577;0
3996;1435;0;0
3997;966;170;0
3998;1274;0;1
3999;973;421;0
4000;1491;400;1
4001;1169;75;0
4002;1512;226;0
4003;1049;44;0
4004;1162;171;0
4005;1442;309;0
4006;1190;125;1
4007;1351;0;1
4008;1074;104;0
4009;883;170;0
4010;8393;2535;1
4011;1148;151;0
4012;1407;0;0
4013;1119;34;1
4014;1435;1126;0
4015;2688;69;0
4016;1344;303;0
4017;1290;343;0
4018;1050;0;1
4019;1134;163;1
4020;1890;422;0
4021;1162;464;0
4022;1358;142;0
4023;1120;0;0
4024;2702;927;0
4025;959;220;0
4026;1134;86;1
4027;868;28;1
4028;1055;49;0
4029;1583;1091;0
4030;1017;0;0
4031;1068;0;0
4032;973;0;0
4033;1093;59;0
4034;1078;0;0
4035;896;13;0
4036;1386;215;0
4037;1246;0;1
4038;1141;215;0
4039;1220;396;0
4040;2289;761;0
4041;1144;123;1
4042;903;0;1
4043;1085;0;1
4044;1513;0;0
4045;1533;310;0
4046;1288;0;0
4047;1190;0;0
4048;1204;0;0
4049;1064;121;0
4050;833;241;0
4051;1017;0;0
4052;1673;676;0
4053;1621;1204;1
4054;1252;33;0
4055;1697;580;0
4056;1533;758;1
4057;1134;0;1
4058;1316;0;0
4059;833;205;1
4060;2240;23;1
4061;1155;0;1
4062;1049;75;1
4063;1036;26;1
4064;1589;466;0
4065;2051;256;0
4066;1015;120;0
4067;896;0;1
4068;1120;28;1
4069;1456;355;0
4070;1484;567;1
4071;1141;470;1
4072;1557;293;0
4073;973;54;0
4074;1575;311;1
4075;1085;44;1
4076;1023;0;0
4077;1953;76;0
4078;1407;248;0
4079;4893;705;0
4080;1001;253;0
4081;1211;0;0
4082;1400;210;1
4083;1138;313;0
4084;1330;151;0
4085;1010;16;0
4086;987;0;1
4087;1841;573;1
4088;1233;113;0
4089;1551;345;0
4090;3128;1269;0
4091;1106;115;1
4092;1894;1113;0
4093;1379;1037;0
4094;1334;300;1
4095;1197;180;0
4096;1071;0;0
4097;998;0;0
4098;903;64;0
4099;1540;307;0
4100;1036;146;0
4101;1379;144;0
4102;1386;325;1
4103;870;0;1
4104;973;267;0
4105;1449;130;0
4106;1120;152;0
4107;1360;0;0
4108;1155;300;1
4109;2345;1281;0
4110;1491;49;0
4111;1211;0;0
4112;924;87;1
4113;1071;87;0
4114;1127;186;0
4115;1232;0;0
4116;756;143;0
4117;1246;295;0
4118;1155;181;0
4119;1295;0;0
4120;1281;521;0
4121;1722;0;0
4122;952;39;0
4123;1344;422;0
4124;1442;81;1
4125;966;0;1
4126;1169;147;0
4127;1182;70;0
4128;1258;65;0
4129;973;0;0
4130;1197;0;1
4131;1659;200;0
4132;1666;1235;0
4133;1120;0;0
4134;1297;326;0
4135;2276;632;0
4136;1120;0;1
4137;947;0;0
4138;1246;58;1
4139;1697;919;0
4140;1225;103;0
4141;1022;0;0
4142;2168;352;0
4143;1155;422;1
4144;1672;350;1
4145;1162;179;1
4146;1295;190;0
4147;2142;1143;1
4148;1074;0;0
4149;998;179;0
4150;1029;0;1
4151;979;0;0
4152;1379;0;0
4153;1344;0;0
4154;1505;159;1
4155;1330;144;1
4156;2321;302;0
4157;953;106;0
4158;1316;204;0
4159;1085;340;0
4160;1099;518;0
4161;1659;1267;0
4162;2947;384;0
4163;2240;29;0
4164;1131;0;0
4165;896;0;1
4166;1225;200;0
4167;1365;350;0
4168;1169;114;0
4169;1561;99;0
4170;1267;87;1
4171;1806;828;0
4172;1533;454;0
4173;1112;248;0
4174;1119;267;0
4175;2034;34;1
4176;1197;241;0
4177;1260;86;1
4178;2142;1305;0
4179;1323;248;0
4180;1008;77;0
4181;1302;466;1
4182;1351;64;0
4183;1344;437;0
4184;1337;66;1
4185;1267;627;0
4186;1036;204;0
4187;1631;289;0
4188;1672;362;0
4189;1337;286;0
4190;1988;108;0
4191;1029;29;0
4192;1309;301;0
4193;1246;50;0
4194;952;139;0
4195;1519;0;1
4196;952;167;0
4197;1162;95;0
4198;1197;225;0
4199;1218;53;0
4200;2387;1449;0
4201;896;166;0
4202;1204;50;0
4203;1365;642;0
4204;1099;144;1
4205;1001;148;0
4206;1182;109;0
4207;1120;0;0
4208;1507;482;0
4209;1029;125;0
4210;1055;293;0
4211;1099;103;1
4212;1061;264;0
4213;1197;383;0
4214;1214;0;0
4215;1008;43;0
4216;1666;209;0
4217;928;0;0
4218;966;0;0
4219;1085;0;0
4220;966;280;0
4221;2009;608;1
4222;1288;0;0
4223;1392;157;0
4224;979;209;0
4225;1055;0;0
4226;1785;236;0
4227;2632;871;0
4228;1295;60;0
4229;987;0;1
4230;2779;777;0
4231;1827;61;0
4232;1827;277;0
4233;1134;0;0
4234;1602;1014;1
4235;1078;0;1
4236;1334;503;0
4237;1176;485;0
4238;1360;449;0
4239;1253;67;0
4240;1435;1019;0
4241;1330;433;0
4242;1684;647;0
4243;1029;465;0
4244;1519;0;0
4245;947;0;1
4246;1071;669;0
4247;2254;0;0
4248;1526;695;0
4249;1099;12;1
4250;1302;61;0
4251;1477;108;1
4252;1498;20;0
4253;1449;28;1
4254;1085;100;1
4255;1042;161;1
4256;1015;4;0
4257;1645;356;0
4258;1462;596;0
4259;1112;113;0
4260;1260;114;0
4261;1351;101;0
4262;2506;655;0
4263;1148;63;1
4264;1169;0;1
4265;1575;582;0
4266;1267;468;0
4267;1131;618;0
4268;1253;309;0
4269;1127;152;0
4270;1232;96;0
4271;1288;24;0
4272;1379;0;0
4273;1627;353;0
4274;1673;397;1
4275;1631;163;0
4276;1575;299;0
4277;1144;329;0
4278;1078;0;1
4279;1211;0;0
4280;2226;76;0
4281;2324;824;1
4282;1456;104;0
4283;1001;0;0
4284;1061;19;0
4285;0;0;0
4286;1176;258;1
4287;1182;283;0
4288;1218;184;0
4289;1232;319;1
4290;1323;413;0
4291;1568;604;0
4292;1274;257;0
4293;1659;1123;0
4294;1148;78;0
4295;1344;153;0
4296;1127;0;0
4297;1633;541;0
4298;1278;113;1
4299;1428;131;0
4300;1141;172;0
4301;1085;0;0
4302;1806;1123;0
4303;1169;561;0
4304;2100;687;0
4305;1392;889;1
4306;1437;122;0
4307;1155;0;0
4308;1834;0;0
4309;1267;0;1
4310;1015;0;0
4311;1575;847;0
4312;1232;199;0
4313;2212;521;0
4314;1188;327;0
4315;2849;924;0
4316;1519;1074;0
4317;2340;279;0
4318;1099;0;1
4319;1071;473;0
4320;1022;0;0
4321;1862;590;0
4322;1017;287;1
4323;1264;0;1
4324;1925;786;0
4325;1227;643;0
4326;1092;140;1
4327;1463;728;0
4328;1575;701;0
4329;1155;0;0
4330;1001;0;0
4331;1015;246;1
4332;998;123;0
4333;1841;207;1
4334;2051;154;1
4335;1022;0;1
4336;1141;434;0
4337;915;0;0
4338;1843;442;0
4339;994;0;0
4340;1288;249;1
4341;2117;108;0
4342;1596;163;1
4343;1112;356;1
4344;3066;1586;0
4345;1227;207;0
4346;798;175;0
4347;1344;589;0
4348;1106;82;1
4349;903;0;1
4350;1701;1142;0
4351;1456;14;0
4352;940;0;0
4353;1232;44;0
4354;1484;30;0
4355;1274;505;0
4356;1295;240;1
4357;991;0;0
4358;1057;0;0
4359;1225;0;1
4360;1144;0;0
4361;1068;379;1
4362;991;0;1
4363;1055;43;1
4364;1253;0;0
4365;1519;467;0
4366;1232;199;0
4367;1687;239;0
4368;1252;0;0
4369;1491;0;1
4370;1120;22;1
4371;1316;264;0
4372;1323;269;1
4373;1134;208;1
4374;1134;96;1
4375;1540;295;0
4376;1169;0;0
4377;1435;147;0
4378;1138;280;0
4379;1316;274;1
4380;1141;0;0
4381;1155;167;0
4382;2198;1242;1
4383;1404;432;0
4384;1085;205;0
4385;1344;0;0
4386;1372;112;0
4387;1411;1012;0
4388;1080;503;0
4389;1372;229;0
4390;1260;21;0
4391;1150;249;0
4392;1169;134;0
4393;1195;0;0
4394;1029;0;0
4395;1624;210;0
4396;1468;117;0
4397;1061;208;0
4398;1239;100;1
4399;1043;206;0
4400;845;180;0
4401;1330;0;0
4402;1260;148;1
4403;1337;645;1
4404;1309;402;0
4405;2058;1374;0
4406;1112;1011;0
4407;1290;139;0
4408;1064;111;0
4409;1190;636;0
4410;1138;314;0
4411;1659;676;1
4412;1188;34;0
4413;1064;88;1
4414;1023;959;0
4415;1638;141;1
4416;1148;88;0
4417;1372;134;0
4418;1484;242;0
4419;1393;721;1
4420;1092;138;0
4421;1264;121;0
4422;1907;0;0
4423;1197;119;0
4424;1484;154;0
4425;1225;0;0
4426;1049;64;0
4427;1484;978;0
4428;1134;304;0
4429;1017;0;0
4430;1162;148;0
4431;1477;187;1
4432;1328;119;1
4433;1169;383;0
4434;1519;466;0
4435;1022;44;0
4436;1344;306;1
4437;1127;98;0
4438;1246;187;0
4439;1120;0;0
4440;2155;1199;0
4441;1050;0;0
4442;1050;0;0
4443;1281;0;0
4444;1183;78;0
4445;1267;148;0
4446;1078;55;1
4447;1386;213;0
4448;998;0;1
4449;1512;183;0
4450;1344;0;0
4451;1421;206;1
4452;1113;217;0
4453;1633;549;0
4454;1491;351;0
4455;1358;973;1
4456;1430;572;0
4457;1354;105;0
4458;980;0;0
4459;1138;0;0
4460;1208;143;0
4461;1211;0;0
4462;1190;58;0
4463;1064;57;0
4464;2391;1412;0
4465;2408;148;0
4466;3269;1368;0
4467;1841;815;0
4468;1341;0;0
4469;1271;414;0
4470;973;162;0
4471;952;0;0
4472;1477;201;0
4473;1246;165;1
4474;1064;28;0
4475;1134;183;0
4476;921;140;0
4477;1197;236;0
4478;1862;367;0
4479;1225;0;0
4480;952;28;0
4481;1029;411;0
4482;1190;87;1
4483;947;0;0
4484;2289;1201;0
4485;1092;183;1
4486;1239;385;1
4487;1750;446;0
4488;1232;115;1
4489;1195;714;0
4490;924;200;1
4491;1596;1163;0
4492;1022;133;1
4493;1358;65;0
4494;1001;219;1
4495;1092;420;0
4496;979;0;0
4497;2086;379;0
4498;1631;1622;1
4499;1253;38;0
4500;1519;1911;0
4501;1197;0;0
4502;1197;412;1
4503;1498;0;0
4504;1386;0;1
4505;3185;1602;0
4506;947;0;1
4507;2212;425;0
4508;1281;0;0
4509;1239;221;1
4510;1112;0;0
4511;1010;0;1
4512;1398;112;1
4513;1519;0;0
4514;1106;0;1
4515;1239;68;0
4516;1214;712;0
4517;1722;412;0
4518;1697;522;0
4519;1672;514;0
4520;1274;0;0
4521;1575;847;0
4522;1672;1064;0
4523;1316;75;1
4524;1106;0;1
4525;945;184;1
4526;1500;517;0
4527;1176;493;1
4528;1393;103;0
4529;1456;1103;0
4530;1190;222;0
4531;1418;444;0
4532;1119;85;0
4533;1841;763;0
4534;1155;574;0
4535;938;0;1
4536;1302;183;0
4537;1029;136;1
4538;1442;68;0
4539;1017;262;0
4540;1183;680;1
4541;1303;0;0
4542;1323;312;0
4543;1106;187;0
4544;1246;208;0
4545;1182;876;0
4546;1043;0;0
4547;1897;0;1
4548;987;0;0
4549;1267;275;0
4550;1722;0;0
4551;1309;0;0
4552;1428;238;0
4553;1309;61;0
4554;1443;327;0
4555;794;77;0
4556;1264;278;1
4557;1348;95;0
4558;1071;192;0
4559;1182;225;0
4560;973;0;0
4561;1882;906;0
4562;1093;34;1
4563;1456;635;1
4564;1049;0;0
4565;1176;0;0
4566;1372;130;1
4567;1085;29;1
4568;1141;0;0
4569;1225;26;0
4570;1456;134;0
4571;1252;1094;1
4572;1334;418;0
4573;1337;101;0
4574;1484;889;0
4575;1120;99;0
4576;928;0;1
4577;1182;379;0
4578;1214;276;0
4579;1120;366;1
4580;1831;618;0
4581;994;0;0
4582;994;0;0
4583;1295;560;0
4584;833;155;1
4585;1148;136;0
4586;1316;0;0
4587;2270;390;0
4588;1176;108;0
4589;1085;282;0
4590;1134;114;0
4591;1631;1203;0
4592;1246;290;0
4593;1911;910;0
4594;994;0;0
4595;1197;491;1
4596;3199;3198;0
4597;1120;140;1
4598;1793;145;0
4599;1977;216;1
4600;1260;96;0
4601;1290;360;1
4602;1078;0;0
4603;1155;91;0
4604;1208;117;0
4605;1365;99;0
4606;1253;48;0
4607;1074;192;0
4608;2163;579;0
4609;1302;254;0
4610;928;0;1
4611;921;105;0
4612;1085;262;0
4613;910;181;1
4614;1182;0;0
4615;1526;222;0
4616;1288;466;0
4617;938;0;1
4618;2034;333;0
4619;1195;496;0
4620;1295;32;0
4621;994;64;0
4622;1400;1096;0
4623;1120;202;0
4624;1188;46;1
4625;1162;22;1
4626;1008;155;0
4627;1036;0;1
4628;1169;145;0
4629;1820;100;0
4630;1533;137;0
4631;1659;792;0
4632;1093;173;1
4633;1036;132;0
4634;1328;225;1
4635;973;0;0
4636;1392;1074;1
4637;1106;338;0
4638;1344;178;0
4639;2034;442;1
4640;1710;420;1
4641;1484;84;0
4642;1505;83;0
4643;1337;152;0
4644;1736;1109;0
4645;1710;646;0
4646;2085;215;0
4647;1169;0;1
4648;1295;97;0
4649;1078;0;0
4650;947;249;0
4651;1278;368;0
4652;1071;639;1
4653;1225;107;0
4654;1672;462;0
4655;1204;474;1
4656;1078;0;0
4657;1057;0;0
4658;1214;469;1
4659;1435;238;1
4660;1022;0;0
4661;959;163;1
4662;1253;75;0
4663;1204;0;0
4664;928;0;0
4665;1295;255;1
4666;1673;133;1
4667;1023;0;0
4668;1841;943;0
4669;1078;523;0
4670;1841;871;1
4671;1512;261;1
4672;742;220;1
4673;1239;0;0
4674;1015;169;0
4675;1996;334;0
4676;1850;93;0
4677;1652;625;0
4678;1099;197;0
4679;1253;0;0
4680;1225;123;0
4681;1211;0;0
4682;921;268;0
4683;1134;183;1
4684;1918;807;0
4685;1491;117;0
4686;1183;59;1
4687;947;135;0
4688;1608;1038;1
4689;2093;1619;0
4690;1344;771;1
4691;1435;301;1
4692;1778;1042;0
4693;1106;113;1
4694;1617;440;1
4695;2310;667;0
4696;1952;43;1
4697;1351;448;0
4698;1303;295;1
4699;1190;0;0
4700;1211;0;0
4701;1042;145;1
4702;938;89;1
4703;1577;0;0
4704;1182;445;0
4705;3031;457;0
4706;847;182;0
4707;1743;220;0
4708;1309;199;0
4709;1232;0;0
4710;1246;626;0
4711;1042;69;0
4712;1500;531;0
4713;1561;391;0
4714;1233;403;0
4715;1360;276;0
4716;1806;0;1
4717;1323;251;1
4718;1064;0;0
4719;1757;402;0
4720;5544;524;0
4721;1043;193;0
4722;1050;47;0
4723;1456;457;1
4724;1190;25;0
4725;1148;0;0
4726;1214;336;0
4727;973;508;0
4728;1144;147;0
4729;1218;196;0
4730;1264;133;0
4731;1087;77;0
4732;1169;0;1
4733;1442;560;0
4734;1015;0;1
4735;1071;57;1
4736;1297;44;0
4737;1694;694;0
4738;1344;86;0
4739;3934;350;1
4740;1393;0;1
4741;1813;198;0
4742;1303;65;1
4743;1988;44;1
4744;1258;268;0
4745;1119;116;0
4746;1393;413;1
4747;1274;91;0
4748;1008;113;0
4749;1068;0;0
4750;1208;1333;0
4751;1218;46;0
4752;1827;0;0
4753;1428;0;0
4754;1218;246;0
4755;1112;51;0
4756;1373;305;1
4757;1463;356;1
4758;1113;61;0
4759;1421;260;0
4760;1195;159;0
4761;952;0;0
4762;994;26;0
4763;1351;84;0
4764;1442;419;0
4765;1001;254;0
4766;1148;378;0
4767;2123;132;0
4768;1561;124;0
4769;1400;0;1
4770;1344;238;0
4771;1498;0;0
4772;1141;0;0
4773;1015;0;0
4774;1232;0;0
4775;1533;752;0
4776;1204;683;0
4777;1393;283;0
4778;1757;35;0
4779;1638;305;0
4780;1071;95;0
4781;1827;845;0
4782;1551;420;1
4783;1813;424;0
4784;1155;0;1
4785;1379;121;1
4786;1354;36;0
4787;1365;102;0
4788;1134;0;0
4789;1134;62;0
4790;1330;0;0
4791;1309;26;0
4792;1211;0;0
4793;2240;401;0
4794;1208;149;0
4795;1435;0;0
4796;1484;531;0
4797;1085;0;0
4798;1354;0;1
4799;1309;0;1
4800;2391;107;0
4801;1214;749;0
4802;1519;387;0
4803;1061;513;0
4804;1519;548;1
4805;1246;447;1
4806;1316;481;0
4807;1351;0;0
4808;0;0;0
4809;1071;78;0
4810;1204;588;1
4811;1264;109;1
4812;952;0;1
4813;1232;66;1
4814;1150;40;1
4815;1106;65;0
4816;1442;550;0
4817;1316;119;0
4818;1841;282;0
4819;1316;86;0
4820;1316;0;0
4821;1042;450;0
4822;1106;93;1
4823;1365;96;0
4824;966;0;1
4825;1138;208;0
4826;1589;1274;0
4827;1540;1177;0
4828;1519;209;1
4829;985;0;0
4830;1274;212;1
4831;1001;50;0
4832;1162;0;0
4833;1367;438;1
4834;2226;552;0
4835;1337;497;1
4836;1519;129;0
4837;1127;0;0
4838;1078;0;1
4839;1080;121;0
4840;1232;62;0
4841;1043;0;0
4842;1494;234;1
4843;1869;554;1
4844;1351;157;0
4845;1323;184;1
4846;1358;231;0
4847;1211;833;0
4848;985;0;0
4849;1036;0;0
4850;1400;377;0
4851;1302;0;1
4852;877;0;0
4853;1295;38;0
4854;1049;0;0
4855;1638;97;0
4856;2667;772;0
4857;1023;0;1
4858;1211;366;0
4859;1010;0;0
4860;1274;99;1
4861;1260;68;1
4862;1264;335;0
4863;1799;92;0
4864;1197;542;0
4865;1456;299;1
4866;1050;0;0
4867;1631;523;1
4868;1302;157;0
4869;1519;91;1
4870;994;255;0
4871;1232;334;1
4872;1260;0;0
4873;1386;268;0
4874;1220;366;0
4875;1365;0;0
4876;1792;2267;1
4877;1057;93;0
4878;940;0;0
4879;1792;568;0
4880;3409;269;0
4881;1302;242;0
4882;1323;521;0
4883;1946;685;0
4884;1064;0;0
4885;1232;349;0
4886;1085;0;0
4887;1771;311;1
4888;1462;116;1
4889;1022;0;0
4890;1297;40;0
4891;1659;352;1
4892;1050;183;0
4893;1125;0;0
4894;1169;48;0
4895;1463;469;1
4896;1099;205;0
4897;959;36;0
4898;1400;210;0
4899;1061;380;0
4900;1722;284;0
4901;1290;254;0
4902;1281;0;0
4903;934;103;0
4904;1827;575;0
4905;903;0;0
4906;1309;170;1
4907;1036;198;1
4908;1309;0;1
4909;2270;1512;0
4910;1080;364;0
4911;1274;0;0
4912;1575;347;0
4913;1148;151;0
4914;2149;717;0
4915;1163;64;0
4916;1214;46;0
4917;1757;976;1
4918;1330;316;0
4919;1155;162;0
4920;1288;243;0
4921;1092;314;0
4922;1001;71;0
4923;1386;0;0
4924;1316;626;0
4925;883;0;1
4926;1694;322;1
4927;938;34;0
4928;1442;550;0
4929;1127;0;0
4930;896;204;1
4931;1208;0;0
4932;1694;30;1
4933;1309;232;0
4934;1344;273;0
4935;1407;163;0
4936;1407;263;1
4937;1673;352;0
4938;1125;258;1
4939;1841;802;0
4940;2114;1338;0
4941;1952;413;0
4942;1869;3088;0
4943;1288;86;0
4944;1029;338;0
4945;1487;109;0
4946;1253;414;1
4947;973;0;1
4948;924;0;0
4949;1449;658;0
4950;1316;146;0
4951;1470;249;0
4952;1673;480;0
4953;1127;329;0
4954;1392;134;1
4955;1365;94;0
4956;1218;304;1
4957;1218;21;0
4958;1470;271;0
4959;1302;378;0
4960;1042;0;0
4961;1225;86;1
4962;1134;0;1
4963;991;349;0
4964;940;27;1
4965;864;667;0
4966;1456;391;1
4967;1575;343;0
4968;994;112;0
4969;2506;403;0
4970;1093;498;0
4971;1218;119;0
4972;2072;124;0
4973;987;120;1
4974;1225;314;0
4975;1134;0;1
4976;1225;319;0
4977;1513;253;0
4978;966;0;0
4979;1134;28;0
4980;1071;72;0
4981;1281;382;1
4982;1225;0;0
4983;1042;0;0
4984;1195;391;0
4985;1365;0;1
4986;1589;614;1
4987;1474;0;0
4988;1568;604;0
4989;966;97;1
4990;2450;526;1
4991;1411;342;0
4992;1253;0;1
4993;921;204;0
4994;1582;100;0
4995;1358;28;0
4996;813;81;0
4997;2051;135;0
4998;1659;329;1
4999;1827;455;0
5000;1694;79;1